ipc_subclass,selection_id,company_name_official,early_patent_mass,late_patent_mass,early_within_company_share_pct,late_within_company_share_pct,within_contribution_pp,reweighting_contribution_pp,composition_contribution_pp
G06N,SEL-001,ANH스트럭쳐,26.0,28.0,0.0,0.0,0.0,-0.0,
G06N,SEL-002,단암시스템즈,4.0,26.0,0.0,3.8461538461538463,0.03967953251484573,0.016805449065111132,
G06N,SEL-003,제노코,1.0,2.0,0.0,0.0,0.0,-0.0,
G06N,SEL-004,솔빛시스템,5.0,10.0,0.0,6.666666666666667,0.043608584263864755,-0.005951929877226858,
G06N,SEL-006,아이브스,8.0,13.0,0.0,28.46153846153846,0.2737654334509562,-0.06477100160511579,
G06N,SEL-007,웨이비스,15.0,9.0,0.0,0.0,0.0,-0.0,
G06N,SEL-008,RFHIC,13.0,43.0,0.0,0.0,0.0,0.0,
G06N,SEL-009,에스오에스랩,29.0,95.0,0.0,2.1052631578947367,0.10187197874074602,0.011097984419167685,
G06N,SEL-010,코모텍,2.0,3.0,0.0,0.0,0.0,-0.0,
G06N,SEL-011,대한광통신,17.0,25.0,0.0,2.0,0.039397107606945946,-0.011154616816967514,
G06N,SEL-012,영풍전자,3.0,10.0,0.0,2.0,0.010108944430693932,0.0011880518852974396,
G06N,SEL-013,빅텍,6.0,2.0,0.0,0.0,0.0,-0.0,
G06N,SEL-014,네스앤텍,8.0,14.0,0.0,0.0,0.0,-0.0,
G06N,SEL-015,아이블포토닉스,8.0,18.0,0.0,0.0,0.0,-0.0,
G06N,SEL-016,스탠다드시험연구소,25.0,41.0,0.0,0.0,0.0,-0.0,
G06N,SEL-017,우리별,6.0,2.0,0.0,0.0,0.0,-0.0,
G06N,SEL-018,성신디펜스솔루션,10.0,1.0,0.0,0.0,0.0,-0.0,
G06N,SEL-019,하나에이엠티,7.0,6.0,0.0,0.0,0.0,-0.0,
G06N,SEL-020,루미르,1.0,8.0,0.0,0.0,0.0,0.0,
G06N,SEL-021,코난테크놀로지,17.0,35.0,1.4705882352941175,27.380952380952383,0.5835740242657004,-0.07943000306359918,
G06N,SEL-022,다비오,6.0,21.0,0.0,7.142857142857142,0.07422406670424082,0.010503405665694455,
G06N,SEL-024,웨이브피아,10.0,20.0,0.0,0.0,0.0,-0.0,
G06N,SEL-025,쿠오핀,3.0,6.0,0.0,16.666666666666664,0.06541287639579714,-0.008927894815840292,
G06N,SEL-027,컨트로맥스,6.0,11.0,0.0,0.0,0.0,-0.0,
G06N,SEL-028,링크플로우,19.0,10.0,0.0,0.0,0.0,-0.0,
G06N,SEL-029,두타기술,4.0,10.0,0.0,0.0,0.0,-0.0,
G06N,SEL-030,니어스랩,8.0,42.0,6.25,1.8650793650793651,-0.07809152440768942,0.047997322100351535,
G06N,SEL-031,파블로항공,3.0,33.0,0.0,0.0,0.0,0.0,
G06N,SEL-032,센서피아,5.0,14.0,0.0,1.1904761904761905,0.009132127703784345,0.0002820358928751288,
G06N,SEL-034,아이디케이,1.0,24.0,0.0,1.3888888888888888,0.010446674307932216,0.008381652885386733,
G06N,SEL-036,솔탑,9.0,23.5,0.0,0.0,0.0,-0.0,
G06N,SEL-037,두시텍,9.0,8.0,0.0,0.0,0.0,-0.0,
G06N,SEL-038,아이스펙,2.0,4.0,0.0,0.0,0.0,-0.0,
G06N,SEL-039,코모텍,1.0,3.0,0.0,0.0,0.0,0.0,
G06N,SEL-040,펀진,22.0,17.0,0.0,5.784313725490196,0.12237405813240565,-0.06683049291211474,
G06N,SEL-042,모라이,1.0,50.0,0.0,1.0,0.014864653107105587,0.013377837682872838,
G06N,SEL-043,코클,1.0,12.0,0.0,18.055555555555554,0.07461470262483225,0.047769424131740935,
G06N,SEL-044,마키나락스,2.0,80.0,100.0,42.5,-1.3846464632323907,3.007772752104374,
G06N,SEL-045,퓨리오사에이아이,2.0,12.0,100.0,70.83333333333334,-0.14221416763837963,0.3249734262214632,
G06N,SEL-046,옵토웰,8.0,20.0,0.0,0.0,0.0,-0.0,
G06N,SEL-047,웨이브로드,5.0,142.0,0.0,0.0,0.0,0.0,
G06N,SEL-049,포멀웍스,2.0,6.0,0.0,5.555555555555555,0.01767424928684141,0.0011540779064775387,
G06N,SEL-050,유비파이,1.0,5.0,0.0,0.0,0.0,0.0,
G06N,SEL-051,소나테크,11.0,11.0,0.0,0.0,0.0,-0.0,
G06N,SEL-052,유뱃,5.0,31.0,0.0,0.0,0.0,0.0,
G06N,SEL-053,아이티사이언스,4.0,2.0,0.0,0.0,0.0,-0.0,
G06N,SEL-056,삼정오토메이션,3.0,6.0,0.0,0.0,0.0,-0.0,
G06N,SEL-058,덕산넵코어스,11.0,25.0,0.0,1.0,0.015238107530774725,-0.0011168621357855108,
G06N,SEL-059,버넥트,17.0,63.0,2.941176470588235,3.7981859410430836,0.026079398352813934,0.034740322073302514,
G06N,SEL-060,이오시스템,25.0,33.0,0.0,0.0,0.0,-0.0,
G06N,SEL-061,휴라,1.0,9.0,0.0,5.555555555555555,0.018251288240080182,0.009991202549898244,
G06N,SEL-064,극동통신,1.0,4.0,0.0,0.0,0.0,0.0,
G06N,SEL-065,나라스페이스 테크놀로지,1.0,14.0,0.0,9.523809523809524,0.04473672783536528,0.030576580937910523,
G06N,SEL-068,인텔리빅스,19.0,33.0,13.157894736842104,7.2727272727272725,-0.13797638872637277,-0.09816351153991794,
G06N,SEL-070,부전전자,59.0,74.0,0.0,0.0,0.0,-0.0,
G06N,SEL-071,마크애니,37.0,62.0,1.3513513513513513,15.913978494623656,0.6555574801408933,-0.17257976643028974,
G06N,SEL-072,써로마인드,2.0,11.0,0.0,39.39393939393939,0.18095564346877235,0.063812610044374,
G06N,SEL-073,아이쓰리시스템,1.0,4.0,0.0,0.0,0.0,0.0,
G06N,SEL-074,딥엑스,2.0,103.0,66.66666666666666,52.313915857605174,-0.43885804679492935,3.2842150810305712,
G06N,SEL-076,삼현,8.0,34.0,0.0,0.0,0.0,0.0,
G06N,SEL-077,케이알엠,11.0,5.0,0.0,0.0,0.0,-0.0,
G06N,SEL-078,센서뷰,26.0,81.0,0.0,0.0,0.0,0.0,
G06N,SEL-081,모아컴코리아,1.0,11.0,0.0,0.0,0.0,0.0,
G06N,SEL-082,이루온,12.0,10.0,0.0,0.0,0.0,-0.0,
G06N,SEL-083,유저스,7.0,2.0,0.0,0.0,0.0,-0.0,
G06N,SEL-005,에스아이에이,0.0,68.0,,30.318627450980394,0.0,0.0,0.8543743749179846
G06N,SEL-023,인피닉,0.0,139.0,,28.78896882494005,0.0,0.0,1.639757066106897
G06N,SEL-026,마이크로인피니티,0.0,9.0,,0.0,0.0,0.0,-0.023834057710044817
G06N,SEL-035,심네트,0.0,9.0,,5.555555555555555,0.0,0.0,0.0012537496155949224
G06N,SEL-041,젠젠에이아이,0.0,18.0,,21.296296296296298,0.0,0.0,0.14467174074314837
G06N,SEL-048,에이유,0.0,16.0,,4.166666666666666,0.0,0.0,-0.008921248383671133
G06N,SEL-054,패리티,0.0,36.0,,0.0,0.0,0.0,-0.09533623084017927
G06N,SEL-055,위플로,0.0,23.0,,1.4492753623188404,0.0,0.0,-0.04418405370857693
G06N,SEL-063,스텝랩,0.0,11.5,,0.0,0.0,0.0,-0.03045462929616838
G06N,SEL-066,스페이스맵,0.0,1.0,,0.0,0.0,0.0,-0.002648228634449424
G06N,SEL-067,텔레픽스,0.0,24.0,,13.194444444444445,0.0,0.0,0.09533195916893217
G06N,SEL-069,데이터메이커,0.0,19.0,,32.45614035087719,0.0,0.0,0.25909994629501776
G06N,SEL-079,유큐브,0.0,9.0,,3.7037037037037033,0.0,0.0,-0.007108852826284992
G06N,SEL-080,비이아이랩,0.0,18.0,,0.0,0.0,0.0,-0.047668115420089634
G06T,SEL-001,ANH스트럭쳐,26.0,28.0,9.615384615384617,0.0,-0.2618894032328816,-0.1098144528253055,
G06T,SEL-002,단암시스템즈,4.0,26.0,0.0,0.0,0.0,0.0,
G06T,SEL-003,제노코,1.0,2.0,0.0,0.0,0.0,-0.0,
G06T,SEL-004,솔빛시스템,5.0,10.0,0.0,6.666666666666667,0.043608584263864755,-0.005951929877226858,
G06T,SEL-006,아이브스,8.0,13.0,31.25,0.0,-0.30058704686338095,-0.0711168091948062,
G06T,SEL-007,웨이비스,15.0,9.0,0.0,0.0,0.0,-0.0,
G06T,SEL-008,RFHIC,13.0,43.0,0.0,0.0,0.0,0.0,
G06T,SEL-009,에스오에스랩,29.0,95.0,1.7241379310344827,2.4561403508771926,0.035421004102385814,0.022036515039209396,
G06T,SEL-010,코모텍,2.0,3.0,0.0,0.0,0.0,-0.0,
G06T,SEL-011,대한광통신,17.0,25.0,0.0,0.0,0.0,-0.0,
G06T,SEL-012,영풍전자,3.0,10.0,33.33333333333333,4.5,-0.14573728220917084,0.02247398149687656,
G06T,SEL-013,빅텍,6.0,2.0,0.0,0.0,0.0,-0.0,
G06T,SEL-014,네스앤텍,8.0,14.0,0.0,3.571428571428571,0.035361465741171334,-0.007118974951192908,
G06T,SEL-015,아이블포토닉스,8.0,18.0,0.0,0.0,0.0,-0.0,
G06T,SEL-016,스탠다드시험연구소,25.0,41.0,0.0,0.0,0.0,-0.0,
G06T,SEL-017,우리별,6.0,2.0,0.0,0.0,0.0,-0.0,
G06T,SEL-018,성신디펜스솔루션,10.0,1.0,0.0,0.0,0.0,-0.0,
G06T,SEL-019,하나에이엠티,7.0,6.0,3.571428571428571,0.0,-0.02463715511504759,-0.012533230490771123,
G06T,SEL-020,루미르,1.0,8.0,0.0,0.0,0.0,0.0,
G06T,SEL-021,코난테크놀로지,17.0,35.0,4.411764705882353,14.761904761904763,0.2331141642877581,-0.05278624960877053,
G06T,SEL-022,다비오,6.0,21.0,30.555555555555554,54.761904761904766,0.25153711494214953,0.12545734545135043,
G06T,SEL-024,웨이브피아,10.0,20.0,0.0,0.0,0.0,-0.0,
G06T,SEL-025,쿠오핀,3.0,6.0,0.0,0.0,0.0,-0.0,
G06T,SEL-027,컨트로맥스,6.0,11.0,0.0,0.0,0.0,-0.0,
G06T,SEL-028,링크플로우,19.0,10.0,5.263157894736842,0.0,-0.08920524004846818,-0.05947630237480668,
G06T,SEL-029,두타기술,4.0,10.0,0.0,2.0,0.01159575985492668,-0.0002987635389353085,
G06T,SEL-030,니어스랩,8.0,42.0,3.125,18.214285714285715,0.2687267163441078,0.12621300713674347,
G06T,SEL-031,파블로항공,3.0,33.0,0.0,3.2034632034632033,0.037000785159355336,0.022711909653741907,
G06T,SEL-032,센서피아,5.0,14.0,0.0,0.0,0.0,0.0,
G06T,SEL-034,아이디케이,1.0,24.0,0.0,0.6944444444444444,0.005223337153966108,0.004190826442693366,
G06T,SEL-036,솔탑,9.0,23.5,3.7037037037037033,5.673758865248227,0.02625621502106442,-0.0005034203888802342,
G06T,SEL-037,두시텍,9.0,8.0,9.62962962962963,0.0,-0.08618584647347656,-0.042671490293361654,
G06T,SEL-038,아이스펙,2.0,4.0,0.0,0.0,0.0,-0.0,
G06T,SEL-039,코모텍,1.0,3.0,0.0,0.0,0.0,0.0,
G06T,SEL-040,펀진,22.0,17.0,6.4393939393939394,1.1764705882352942,-0.11134342269211944,-0.08799176609152855,
G06T,SEL-042,모라이,1.0,50.0,0.0,38.166666666666664,0.5673342602545298,0.51058747156298,
G06T,SEL-043,코클,1.0,12.0,0.0,2.7777777777777777,0.01147918501920496,0.00734914217411399,
G06T,SEL-044,마키나락스,2.0,80.0,0.0,1.875,0.04515151510540404,0.039575957264531246,
G06T,SEL-045,퓨리오사에이아이,2.0,12.0,0.0,0.0,0.0,0.0,
G06T,SEL-046,옵토웰,8.0,20.0,0.0,0.0,0.0,-0.0,
G06T,SEL-047,웨이브로드,5.0,142.0,0.0,0.0,0.0,0.0,
G06T,SEL-049,포멀웍스,2.0,6.0,12.5,24.603174603174605,0.03850461451776165,0.007707591732546421,
G06T,SEL-050,유비파이,1.0,5.0,0.0,6.666666666666667,0.014370215010768638,0.0044581121825503145,
G06T,SEL-051,소나테크,11.0,11.0,0.0,0.0,0.0,-0.0,
G06T,SEL-052,유뱃,5.0,31.0,0.0,0.0,0.0,0.0,
G06T,SEL-053,아이티사이언스,4.0,2.0,0.0,0.0,0.0,-0.0,
G06T,SEL-056,삼정오토메이션,3.0,6.0,0.0,0.0,0.0,-0.0,
G06T,SEL-058,덕산넵코어스,11.0,25.0,0.0,1.0,0.015238107530774725,-0.0011168621357855108,
G06T,SEL-059,버넥트,17.0,63.0,17.352941176470587,45.20030234315948,0.8474147019114222,0.3224518424548785,
G06T,SEL-060,이오시스템,25.0,33.0,4.0,3.6363636363636362,-0.010147350823128093,-0.07075221370419854,
G06T,SEL-061,휴라,1.0,9.0,0.0,2.7777777777777777,0.009125644120040091,0.004995601274949122,
G06T,SEL-064,극동통신,1.0,4.0,0.0,0.0,0.0,0.0,
G06T,SEL-065,나라스페이스 테크놀로지,1.0,14.0,0.0,11.30952380952381,0.053124864304496276,0.03630968986376875,
G06T,SEL-068,인텔리빅스,19.0,33.0,14.912280701754385,22.77777777777778,0.1844047580132507,-0.18109035000318713,
G06T,SEL-070,부전전자,59.0,74.0,0.0,0.0,0.0,-0.0,
G06T,SEL-071,마크애니,37.0,62.0,10.36036036036036,16.85483870967742,0.29235822764814634,-0.27203608276015073,
G06T,SEL-072,써로마인드,2.0,11.0,0.0,6.8181818181818175,0.03131924598497983,0.011044490199987806,
G06T,SEL-073,아이쓰리시스템,1.0,4.0,0.0,0.0,0.0,0.0,
G06T,SEL-074,딥엑스,2.0,103.0,0.0,5.4045307443365695,0.16525207173563292,0.14918099239279353,
G06T,SEL-076,삼현,8.0,34.0,0.0,0.0,0.0,0.0,
G06T,SEL-077,케이알엠,11.0,5.0,0.0,3.3333333333333335,0.031965364575930126,-0.02255120097927065,
G06T,SEL-078,센서뷰,26.0,81.0,7.051282051282051,0.0,-0.29759948628460947,0.025016658508605596,
G06T,SEL-081,모아컴코리아,1.0,11.0,0.0,0.0,0.0,0.0,
G06T,SEL-082,이루온,12.0,10.0,0.0,0.0,0.0,-0.0,
G06T,SEL-083,유저스,7.0,2.0,0.0,0.0,0.0,-0.0,
G06T,SEL-005,에스아이에이,0.0,68.0,,27.990196078431367,0.0,0.0,0.7639679710573477
G06T,SEL-023,인피닉,0.0,139.0,,22.67386091127098,0.0,0.0,1.190857376686815
G06T,SEL-026,마이크로인피니티,0.0,9.0,,0.0,0.0,0.0,-0.02528486838600064
G06T,SEL-035,심네트,0.0,9.0,,0.0,0.0,0.0,-0.02528486838600064
G06T,SEL-041,젠젠에이아이,0.0,18.0,,53.703703703703695,0.0,0.0,0.43446120485703366
G06T,SEL-048,에이유,0.0,16.0,,1.25,0.0,0.0,-0.03491575420041191
G06T,SEL-054,패리티,0.0,36.0,,0.0,0.0,0.0,-0.10113947354400256
G06T,SEL-055,위플로,0.0,23.0,,2.8985507246376807,0.0,0.0,-0.03116647610781532
G06T,SEL-063,스텝랩,0.0,11.5,,0.0,0.0,0.0,-0.032308442937667485
G06T,SEL-066,스페이스맵,0.0,1.0,,50.0,0.0,0.0,0.022278377504973003
G06T,SEL-067,텔레픽스,0.0,24.0,,9.722222222222221,0.0,0.0,0.04965011849031706
G06T,SEL-069,데이터메이커,0.0,19.0,,7.894736842105263,0.0,0.0,0.021884255384251202
G06T,SEL-079,유큐브,0.0,9.0,,0.0,0.0,0.0,-0.02528486838600064
G06T,SEL-080,비이아이랩,0.0,18.0,,0.0,0.0,0.0,-0.05056973677200128
