selection_id,company_name_official,period,patent_mass,G06N_mass,G06T_mass,group,G06N_share,G06T_share
SEL-001,ANH스트럭쳐,2014-2018,26.0,0.0,2.5,common,0.0,0.09615384615384616
SEL-001,ANH스트럭쳐,2019-2024,28.0,0.0,0.0,common,0.0,0.0
SEL-002,단암시스템즈,2014-2018,4.0,0.0,0.0,common,0.0,0.0
SEL-002,단암시스템즈,2019-2024,26.0,1.0,0.0,common,0.038461538461538464,0.0
SEL-003,제노코,2014-2018,1.0,0.0,0.0,common,0.0,0.0
SEL-003,제노코,2019-2024,2.0,0.0,0.0,common,0.0,0.0
SEL-004,솔빛시스템,2014-2018,5.0,0.0,0.0,common,0.0,0.0
SEL-004,솔빛시스템,2019-2024,10.0,0.6666666666666666,0.6666666666666666,common,0.06666666666666667,0.06666666666666667
SEL-005,에스아이에이,2019-2024,68.0,20.616666666666667,19.03333333333333,later_only,0.30318627450980395,0.2799019607843137
SEL-006,아이브스,2014-2018,8.0,0.0,2.5,common,0.0,0.3125
SEL-006,아이브스,2019-2024,13.0,3.7,0.0,common,0.2846153846153846,0.0
SEL-007,웨이비스,2014-2018,15.0,0.0,0.0,common,0.0,0.0
SEL-007,웨이비스,2019-2024,9.0,0.0,0.0,common,0.0,0.0
SEL-008,RFHIC,2014-2018,13.0,0.0,0.0,common,0.0,0.0
SEL-008,RFHIC,2019-2024,43.0,0.0,0.0,common,0.0,0.0
SEL-009,에스오에스랩,2014-2018,29.0,0.0,0.5,common,0.0,0.017241379310344827
SEL-009,에스오에스랩,2019-2024,95.0,2.0,2.333333333333333,common,0.021052631578947368,0.024561403508771926
SEL-010,코모텍,2014-2018,2.0,0.0,0.0,common,0.0,0.0
SEL-010,코모텍,2019-2024,3.0,0.0,0.0,common,0.0,0.0
SEL-011,대한광통신,2014-2018,17.0,0.0,0.0,common,0.0,0.0
SEL-011,대한광통신,2019-2024,25.0,0.5,0.0,common,0.02,0.0
SEL-012,영풍전자,2014-2018,3.0,0.0,1.0,common,0.0,0.3333333333333333
SEL-012,영풍전자,2019-2024,10.0,0.2,0.45,common,0.02,0.045
SEL-013,빅텍,2014-2018,6.0,0.0,0.0,common,0.0,0.0
SEL-013,빅텍,2019-2024,2.0,0.0,0.0,common,0.0,0.0
SEL-014,네스앤텍,2014-2018,8.0,0.0,0.0,common,0.0,0.0
SEL-014,네스앤텍,2019-2024,14.0,0.0,0.5,common,0.0,0.03571428571428571
SEL-015,아이블포토닉스,2014-2018,8.0,0.0,0.0,common,0.0,0.0
SEL-015,아이블포토닉스,2019-2024,18.0,0.0,0.0,common,0.0,0.0
SEL-016,스탠다드시험연구소,2014-2018,25.0,0.0,0.0,common,0.0,0.0
SEL-016,스탠다드시험연구소,2019-2024,41.0,0.0,0.0,common,0.0,0.0
SEL-017,우리별,2014-2018,6.0,0.0,0.0,common,0.0,0.0
SEL-017,우리별,2019-2024,2.0,0.0,0.0,common,0.0,0.0
SEL-018,성신디펜스솔루션,2014-2018,10.0,0.0,0.0,common,0.0,0.0
SEL-018,성신디펜스솔루션,2019-2024,1.0,0.0,0.0,common,0.0,0.0
SEL-019,하나에이엠티,2014-2018,7.0,0.0,0.25,common,0.0,0.03571428571428571
SEL-019,하나에이엠티,2019-2024,6.0,0.0,0.0,common,0.0,0.0
SEL-020,루미르,2014-2018,1.0,0.0,0.0,common,0.0,0.0
SEL-020,루미르,2019-2024,8.0,0.0,0.0,common,0.0,0.0
SEL-021,코난테크놀로지,2014-2018,17.0,0.25,0.75,common,0.014705882352941176,0.04411764705882353
SEL-021,코난테크놀로지,2019-2024,35.0,9.583333333333334,5.166666666666667,common,0.27380952380952384,0.14761904761904762
SEL-022,다비오,2014-2018,6.0,0.0,1.8333333333333333,common,0.0,0.3055555555555555
SEL-022,다비오,2019-2024,21.0,1.5,11.5,common,0.07142857142857142,0.5476190476190477
SEL-023,인피닉,2019-2024,139.0,40.016666666666666,31.516666666666666,later_only,0.2878896882494005,0.22673860911270982
SEL-024,웨이브피아,2014-2018,10.0,0.0,0.0,common,0.0,0.0
SEL-024,웨이브피아,2019-2024,20.0,0.0,0.0,common,0.0,0.0
SEL-025,쿠오핀,2014-2018,3.0,0.0,0.0,common,0.0,0.0
SEL-025,쿠오핀,2019-2024,6.0,1.0,0.0,common,0.16666666666666666,0.0
SEL-026,마이크로인피니티,2019-2024,9.0,0.0,0.0,later_only,0.0,0.0
SEL-027,컨트로맥스,2014-2018,6.0,0.0,0.0,common,0.0,0.0
SEL-027,컨트로맥스,2019-2024,11.0,0.0,0.0,common,0.0,0.0
SEL-028,링크플로우,2014-2018,19.0,0.0,1.0,common,0.0,0.05263157894736842
SEL-028,링크플로우,2019-2024,10.0,0.0,0.0,common,0.0,0.0
SEL-029,두타기술,2014-2018,4.0,0.0,0.0,common,0.0,0.0
SEL-029,두타기술,2019-2024,10.0,0.0,0.2,common,0.0,0.02
SEL-030,니어스랩,2014-2018,8.0,0.5,0.25,common,0.0625,0.03125
SEL-030,니어스랩,2019-2024,42.0,0.7833333333333333,7.65,common,0.01865079365079365,0.18214285714285716
SEL-031,파블로항공,2014-2018,3.0,0.0,0.0,common,0.0,0.0
SEL-031,파블로항공,2019-2024,33.0,0.0,1.0571428571428572,common,0.0,0.032034632034632034
SEL-032,센서피아,2014-2018,5.0,0.0,0.0,common,0.0,0.0
SEL-032,센서피아,2019-2024,14.0,0.16666666666666666,0.0,common,0.011904761904761904,0.0
SEL-034,아이디케이,2014-2018,1.0,0.0,0.0,common,0.0,0.0
SEL-034,아이디케이,2019-2024,24.0,0.3333333333333333,0.16666666666666666,common,0.013888888888888888,0.006944444444444444
SEL-035,심네트,2019-2024,9.0,0.5,0.0,later_only,0.05555555555555555,0.0
SEL-036,솔탑,2014-2018,9.0,0.0,0.3333333333333333,common,0.0,0.037037037037037035
SEL-036,솔탑,2019-2024,23.5,0.0,1.3333333333333333,common,0.0,0.05673758865248227
SEL-037,두시텍,2014-2018,9.0,0.0,0.8666666666666667,common,0.0,0.0962962962962963
SEL-037,두시텍,2019-2024,8.0,0.0,0.0,common,0.0,0.0
SEL-038,아이스펙,2014-2018,2.0,0.0,0.0,common,0.0,0.0
SEL-038,아이스펙,2019-2024,4.0,0.0,0.0,common,0.0,0.0
SEL-039,코모텍,2014-2018,1.0,0.0,0.0,common,0.0,0.0
SEL-039,코모텍,2019-2024,3.0,0.0,0.0,common,0.0,0.0
SEL-040,펀진,2014-2018,22.0,0.0,1.4166666666666665,common,0.0,0.06439393939393939
SEL-040,펀진,2019-2024,17.0,0.9833333333333334,0.2,common,0.05784313725490196,0.011764705882352941
SEL-041,젠젠에이아이,2019-2024,18.0,3.8333333333333335,9.666666666666666,later_only,0.21296296296296297,0.537037037037037
SEL-042,모라이,2014-2018,1.0,0.0,0.0,common,0.0,0.0
SEL-042,모라이,2019-2024,50.0,0.5,19.083333333333332,common,0.01,0.38166666666666665
SEL-043,코클,2014-2018,1.0,0.0,0.0,common,0.0,0.0
SEL-043,코클,2019-2024,12.0,2.1666666666666665,0.3333333333333333,common,0.18055555555555555,0.027777777777777776
SEL-044,마키나락스,2014-2018,2.0,2.0,0.0,common,1.0,0.0
SEL-044,마키나락스,2019-2024,80.0,34.0,1.5,common,0.425,0.01875
SEL-045,퓨리오사에이아이,2014-2018,2.0,2.0,0.0,common,1.0,0.0
SEL-045,퓨리오사에이아이,2019-2024,12.0,8.5,0.0,common,0.7083333333333334,0.0
SEL-046,옵토웰,2014-2018,8.0,0.0,0.0,common,0.0,0.0
SEL-046,옵토웰,2019-2024,20.0,0.0,0.0,common,0.0,0.0
SEL-047,웨이브로드,2014-2018,5.0,0.0,0.0,common,0.0,0.0
SEL-047,웨이브로드,2019-2024,142.0,0.0,0.0,common,0.0,0.0
SEL-048,에이유,2019-2024,16.0,0.6666666666666666,0.2,later_only,0.041666666666666664,0.0125
SEL-049,포멀웍스,2014-2018,2.0,0.0,0.25,common,0.0,0.125
SEL-049,포멀웍스,2019-2024,6.0,0.3333333333333333,1.4761904761904763,common,0.05555555555555555,0.24603174603174605
SEL-050,유비파이,2014-2018,1.0,0.0,0.0,common,0.0,0.0
SEL-050,유비파이,2019-2024,5.0,0.0,0.3333333333333333,common,0.0,0.06666666666666667
SEL-051,소나테크,2014-2018,11.0,0.0,0.0,common,0.0,0.0
SEL-051,소나테크,2019-2024,11.0,0.0,0.0,common,0.0,0.0
SEL-052,유뱃,2014-2018,5.0,0.0,0.0,common,0.0,0.0
SEL-052,유뱃,2019-2024,31.0,0.0,0.0,common,0.0,0.0
SEL-053,아이티사이언스,2014-2018,4.0,0.0,0.0,common,0.0,0.0
SEL-053,아이티사이언스,2019-2024,2.0,0.0,0.0,common,0.0,0.0
SEL-054,패리티,2019-2024,36.0,0.0,0.0,later_only,0.0,0.0
SEL-055,위플로,2019-2024,23.0,0.3333333333333333,0.6666666666666666,later_only,0.014492753623188404,0.02898550724637681
SEL-056,삼정오토메이션,2014-2018,3.0,0.0,0.0,common,0.0,0.0
SEL-056,삼정오토메이션,2019-2024,6.0,0.0,0.0,common,0.0,0.0
SEL-058,덕산넵코어스,2014-2018,11.0,0.0,0.0,common,0.0,0.0
SEL-058,덕산넵코어스,2019-2024,25.0,0.25,0.25,common,0.01,0.01
SEL-059,버넥트,2014-2018,17.0,0.5,2.9499999999999997,common,0.029411764705882353,0.17352941176470588
SEL-059,버넥트,2019-2024,63.0,2.392857142857143,28.476190476190474,common,0.037981859410430835,0.4520030234315948
SEL-060,이오시스템,2014-2018,25.0,0.0,1.0,common,0.0,0.04
SEL-060,이오시스템,2019-2024,33.0,0.0,1.2,common,0.0,0.03636363636363636
SEL-061,휴라,2014-2018,1.0,0.0,0.0,common,0.0,0.0
SEL-061,휴라,2019-2024,9.0,0.5,0.25,common,0.05555555555555555,0.027777777777777776
SEL-063,스텝랩,2019-2024,11.5,0.0,0.0,later_only,0.0,0.0
SEL-064,극동통신,2014-2018,1.0,0.0,0.0,common,0.0,0.0
SEL-064,극동통신,2019-2024,4.0,0.0,0.0,common,0.0,0.0
SEL-065,나라스페이스 테크놀로지,2014-2018,1.0,0.0,0.0,common,0.0,0.0
SEL-065,나라스페이스 테크놀로지,2019-2024,14.0,1.3333333333333333,1.5833333333333333,common,0.09523809523809523,0.1130952380952381
SEL-066,스페이스맵,2019-2024,1.0,0.0,0.5,later_only,0.0,0.5
SEL-067,텔레픽스,2019-2024,24.0,3.1666666666666665,2.333333333333333,later_only,0.13194444444444445,0.09722222222222221
SEL-068,인텔리빅스,2014-2018,19.0,2.5,2.833333333333333,common,0.13157894736842105,0.14912280701754385
SEL-068,인텔리빅스,2019-2024,33.0,2.4,7.516666666666667,common,0.07272727272727272,0.22777777777777777
SEL-069,데이터메이커,2019-2024,19.0,6.166666666666667,1.5,later_only,0.32456140350877194,0.07894736842105263
SEL-070,부전전자,2014-2018,59.0,0.0,0.0,common,0.0,0.0
SEL-070,부전전자,2019-2024,74.0,0.0,0.0,common,0.0,0.0
SEL-071,마크애니,2014-2018,37.0,0.5,3.833333333333333,common,0.013513513513513514,0.1036036036036036
SEL-071,마크애니,2019-2024,62.0,9.866666666666667,10.45,common,0.15913978494623657,0.1685483870967742
SEL-072,써로마인드,2014-2018,2.0,0.0,0.0,common,0.0,0.0
SEL-072,써로마인드,2019-2024,11.0,4.333333333333333,0.75,common,0.3939393939393939,0.06818181818181818
SEL-073,아이쓰리시스템,2014-2018,1.0,0.0,0.0,common,0.0,0.0
SEL-073,아이쓰리시스템,2019-2024,4.0,0.0,0.0,common,0.0,0.0
SEL-074,딥엑스,2014-2018,2.0,1.3333333333333333,0.0,common,0.6666666666666666,0.0
SEL-074,딥엑스,2019-2024,103.0,53.88333333333333,5.566666666666666,common,0.5231391585760518,0.05404530744336569
SEL-076,삼현,2014-2018,8.0,0.0,0.0,common,0.0,0.0
SEL-076,삼현,2019-2024,34.0,0.0,0.0,common,0.0,0.0
SEL-077,케이알엠,2014-2018,11.0,0.0,0.0,common,0.0,0.0
SEL-077,케이알엠,2019-2024,5.0,0.0,0.16666666666666666,common,0.0,0.03333333333333333
SEL-078,센서뷰,2014-2018,26.0,0.0,1.8333333333333333,common,0.0,0.07051282051282051
SEL-078,센서뷰,2019-2024,81.0,0.0,0.0,common,0.0,0.0
SEL-079,유큐브,2019-2024,9.0,0.3333333333333333,0.0,later_only,0.037037037037037035,0.0
SEL-080,비이아이랩,2019-2024,18.0,0.0,0.0,later_only,0.0,0.0
SEL-081,모아컴코리아,2014-2018,1.0,0.0,0.0,common,0.0,0.0
SEL-081,모아컴코리아,2019-2024,11.0,0.0,0.0,common,0.0,0.0
SEL-082,이루온,2014-2018,12.0,0.0,0.0,common,0.0,0.0
SEL-082,이루온,2019-2024,10.0,0.0,0.0,common,0.0,0.0
SEL-083,유저스,2014-2018,7.0,0.0,0.0,common,0.0,0.0
SEL-083,유저스,2019-2024,2.0,0.0,0.0,common,0.0,0.0
