ipc_subclass,weight,share_pct
G06F,177.96666666666667,17.447712418300654
G06T,176.0,17.254901960784313
G06N,164.33333333333334,16.111111111111114
H04N,123.5,12.107843137254902
G06V,68.83333333333333,6.748366013071895
G06Q,60.68333333333333,5.9493464052287575
H04L,37.56666666666666,3.6830065359477118
G01S,20.766666666666666,2.0359477124183005
G10L,18.28333333333333,1.7924836601307186
H04W,17.183333333333334,1.684640522875817
G08B,15.549999999999999,1.5245098039215685
G06K,12.333333333333334,1.2091503267973858
G11B,12.25,1.2009803921568627
G05B,10.583333333333332,1.037581699346405
G01C,8.666666666666666,0.8496732026143791
B60W,7.766666666666667,0.761437908496732
G09B,7.616666666666666,0.7467320261437909
G08G,6.5,0.6372549019607843
B25J,6.5,0.6372549019607843
G05D,6.333333333333333,0.6209150326797385
G01W,4.25,0.4166666666666667
H04B,3.5,0.3431372549019608
F41H,3.0166666666666666,0.2957516339869281
B64G,3.0,0.29411764705882354
G02B,2.5,0.24509803921568626
H04M,2.3333333333333335,0.22875816993464054
G01N,2.333333333333333,0.22875816993464052
G16H,2.333333333333333,0.22875816993464052
G07D,2.25,0.22058823529411764
B65G,2.0,0.19607843137254902
H10D,2.0,0.19607843137254902
A61B,1.7,0.16666666666666666
G03H,1.5833333333333333,0.15522875816993462
G07F,1.5,0.14705882352941177
G01M,1.5,0.14705882352941177
H04H,1.5,0.14705882352941177
B60R,1.45,0.14215686274509803
G07C,1.4,0.13725490196078433
B60H,1.25,0.12254901960784313
B42D,1.1666666666666665,0.11437908496732026
G10K,1.0333333333333332,0.10130718954248365
G09C,1.0,0.09803921568627451
H04Q,1.0,0.09803921568627451
B64U,1.0,0.09803921568627451
G01V,1.0,0.09803921568627451
G03B,0.9166666666666666,0.08986928104575162
G01H,0.8333333333333333,0.08169934640522876
H04R,0.7,0.06862745098039216
G09G,0.6666666666666666,0.065359477124183
G16Y,0.5333333333333333,0.05228758169934641
A47L,0.5,0.049019607843137254
G10H,0.5,0.049019607843137254
H03K,0.5,0.049019607843137254
E02F,0.5,0.049019607843137254
A63B,0.5,0.049019607843137254
G01F,0.5,0.049019607843137254
F24F,0.5,0.049019607843137254
C12M,0.5,0.049019607843137254
B64C,0.5,0.049019607843137254
G01G,0.45,0.04411764705882353
G16C,0.3333333333333333,0.0326797385620915
A01K,0.3333333333333333,0.0326797385620915
B07C,0.3333333333333333,0.0326797385620915
F41G,0.3333333333333333,0.0326797385620915
C09D,0.3333333333333333,0.0326797385620915
H03H,0.3333333333333333,0.0326797385620915
F41J,0.3333333333333333,0.0326797385620915
H04S,0.3333333333333333,0.0326797385620915
H02S,0.3333333333333333,0.0326797385620915
G08C,0.3333333333333333,0.0326797385620915
B41M,0.25,0.024509803921568627
G01J,0.25,0.024509803921568627
B62D,0.25,0.024509803921568627
B65H,0.25,0.024509803921568627
G07G,0.25,0.024509803921568627
