field_official,application_year,n
기타,2000,3
기타,2001,8
기타,2002,1
기타,2003,11
기타,2004,12
기타,2005,2
기타,2006,5
기타,2007,8
기타,2008,8
기타,2009,11
기타,2010,4
기타,2011,10
기타,2012,14
기타,2013,7
기타,2014,23
기타,2015,16
기타,2016,13
기타,2017,24
기타,2018,31
기타,2019,31
기타,2020,42
기타,2021,54
기타,2022,30
기타,2023,42
기타,2024,32
기타,2025,13
기타,2026,1
드론,2001,2
드론,2002,5
드론,2003,8
드론,2004,17
드론,2005,20
드론,2006,7
드론,2007,12
드론,2008,12
드론,2009,9
드론,2010,16
드론,2011,18
드론,2012,16
드론,2013,13
드론,2014,14
드론,2015,15
드론,2016,23
드론,2017,23
드론,2018,41
드론,2019,50
드론,2020,60
드론,2021,67
드론,2022,60
드론,2023,73
드론,2024,80
드론,2025,43
드론,2026,6
로봇,1998,2
로봇,2001,2
로봇,2002,2
로봇,2003,2
로봇,2004,2
로봇,2005,3
로봇,2006,4
로봇,2007,2
로봇,2008,7
로봇,2009,15
로봇,2010,11
로봇,2011,5
로봇,2012,7
로봇,2013,2
로봇,2014,7
로봇,2015,2
로봇,2016,5
로봇,2017,31
로봇,2018,30
로봇,2019,31
로봇,2020,38
로봇,2021,23
로봇,2022,24
로봇,2023,33
로봇,2024,37
로봇,2025,24
로봇,2026,4
반도체,1999,2
반도체,2000,6
반도체,2001,2
반도체,2002,2
반도체,2003,4
반도체,2004,4
반도체,2005,3
반도체,2006,7
반도체,2007,5
반도체,2008,7
반도체,2009,7
반도체,2010,6
반도체,2011,6
반도체,2012,5
반도체,2013,9
반도체,2014,1
반도체,2015,5
반도체,2016,24
반도체,2017,8
반도체,2018,21
반도체,2019,32
반도체,2020,58
반도체,2021,56
반도체,2022,67
반도체,2023,62
반도체,2024,84
반도체,2025,45
반도체,2026,11
센서,2012,1
센서,2013,2
센서,2014,2
센서,2016,1
센서,2017,2
센서,2018,2
센서,2021,1
센서,2023,1
센서,2025,3
우주,2000,2
우주,2001,7
우주,2002,5
우주,2003,6
우주,2004,20
우주,2005,3
우주,2006,1
우주,2007,5
우주,2008,2
우주,2009,1
우주,2010,4
우주,2011,6
우주,2012,8
우주,2013,6
우주,2014,9
우주,2015,12
우주,2016,7
우주,2017,18
우주,2018,16
우주,2019,21
우주,2020,18
우주,2021,25
우주,2022,31
우주,2023,19
우주,2024,28
우주,2025,2
우주,2026,4
인공지능,1996,2
인공지능,1997,2
인공지능,1998,4
인공지능,1999,6
인공지능,2000,9
인공지능,2001,40
인공지능,2002,28
인공지능,2003,19
인공지능,2004,21
인공지능,2005,21
인공지능,2006,18
인공지능,2007,18
인공지능,2008,29
인공지능,2009,6
인공지능,2010,20
인공지능,2011,30
인공지능,2012,15
인공지능,2013,34
인공지능,2014,33
인공지능,2015,28
인공지능,2016,34
인공지능,2017,30
인공지능,2018,54
인공지능,2019,51
인공지능,2020,72
인공지능,2021,221
인공지능,2022,110
인공지능,2023,120
인공지능,2024,112
인공지능,2025,57
인공지능,2026,9
