application_year,company_links,excluding_top5,excluding_top10,active_companies
1996,2,0,0,1
1997,2,0,0,1
1998,6,2,2,3
1999,8,3,2,3
2000,20,13,11,5
2001,61,24,15,11
2002,43,15,11,10
2003,50,32,21,11
2004,76,61,44,17
2005,52,39,17,11
2006,42,26,21,14
2007,50,41,24,17
2008,65,44,31,18
2009,49,44,39,16
2010,61,48,39,20
2011,75,56,47,20
2012,66,57,44,24
2013,73,54,45,27
2014,89,79,60,27
2015,78,58,51,27
2016,107,84,67,36
2017,136,107,95,39
2018,195,147,120,47
2019,216,169,141,53
2020,288,221,180,58
2021,447,271,218,56
2022,322,248,205,55
2023,350,266,219,56
2024,373,309,259,65
2025,187,120,106,50
2026,35,22,18,17
