cohort,application_year,n
1,2000,3
1,2001,4
1,2002,3
1,2003,11
1,2004,7
1,2005,8
1,2006,8
1,2007,12
1,2008,7
1,2009,14
1,2010,14
1,2011,24
1,2012,17
1,2013,16
1,2014,29
1,2015,26
1,2016,34
1,2017,46
1,2018,51
1,2019,57
1,2020,75
1,2021,106
1,2022,52
1,2023,64
1,2024,56
1,2025,34
1,2026,6
2,1999,1
2,2000,2
2,2001,4
2,2002,2
2,2004,3
2,2005,13
2,2006,4
2,2007,10
2,2008,11
2,2009,9
2,2010,13
2,2011,7
2,2012,4
2,2013,8
2,2014,5
2,2015,7
2,2016,17
2,2017,24
2,2018,37
2,2019,30
2,2020,35
2,2021,155
2,2022,65
2,2023,45
2,2024,67
2,2025,34
2,2026,11
3,1999,2
3,2000,6
3,2001,11
3,2002,4
3,2003,11
3,2004,12
3,2006,3
3,2007,9
3,2008,9
3,2009,6
3,2010,13
3,2011,23
3,2012,25
3,2013,20
3,2014,28
3,2015,18
3,2016,18
3,2017,28
3,2018,50
3,2019,59
3,2020,100
3,2021,103
3,2022,118
3,2023,137
3,2024,140
3,2025,62
3,2026,10
4,1996,2
4,1997,2
4,1998,6
4,1999,5
4,2000,9
4,2001,42
4,2002,34
4,2003,28
4,2004,54
4,2005,31
4,2006,27
4,2007,19
4,2008,38
4,2009,20
4,2010,21
4,2011,21
4,2012,20
4,2013,29
4,2014,27
4,2015,27
4,2016,38
4,2017,38
4,2018,57
4,2019,70
4,2020,78
4,2021,83
4,2022,87
4,2023,104
4,2024,110
4,2025,57
4,2026,8
