selection_id,application_year,n
SEL-001,2014,3
SEL-001,2015,3
SEL-001,2017,11
SEL-001,2018,9
SEL-001,2019,8
SEL-001,2020,2
SEL-001,2021,6
SEL-001,2022,8
SEL-001,2023,3
SEL-001,2024,1
SEL-002,2002,1
SEL-002,2003,3
SEL-002,2006,1
SEL-002,2007,2
SEL-002,2010,3
SEL-002,2011,2
SEL-002,2012,1
SEL-002,2013,3
SEL-002,2014,2
SEL-002,2015,1
SEL-002,2016,1
SEL-002,2019,2
SEL-002,2020,2
SEL-002,2021,3
SEL-002,2022,10
SEL-002,2023,5
SEL-002,2024,4
SEL-003,2007,1
SEL-003,2009,1
SEL-003,2012,1
SEL-003,2016,1
SEL-003,2019,1
SEL-003,2021,1
SEL-004,2010,1
SEL-004,2018,5
SEL-004,2019,3
SEL-004,2021,3
SEL-004,2022,1
SEL-004,2024,3
SEL-004,2025,6
SEL-005,2020,9
SEL-005,2021,44
SEL-005,2022,3
SEL-005,2023,7
SEL-005,2024,5
SEL-006,2011,4
SEL-006,2012,1
SEL-006,2013,2
SEL-006,2014,6
SEL-006,2016,1
SEL-006,2017,1
SEL-006,2019,5
SEL-006,2020,2
SEL-006,2021,3
SEL-006,2022,3
SEL-007,2015,2
SEL-007,2016,12
SEL-007,2018,1
SEL-007,2022,2
SEL-007,2023,1
SEL-007,2024,6
SEL-007,2025,5
SEL-007,2026,3
SEL-008,2015,3
SEL-008,2016,3
SEL-008,2017,4
SEL-008,2018,3
SEL-008,2019,8
SEL-008,2020,12
SEL-008,2021,8
SEL-008,2022,4
SEL-008,2023,3
SEL-008,2024,8
SEL-008,2025,1
SEL-009,2016,1
SEL-009,2017,10
SEL-009,2018,18
SEL-009,2019,10
SEL-009,2020,23
SEL-009,2021,19
SEL-009,2022,11
SEL-009,2023,18
SEL-009,2024,14
SEL-009,2025,12
SEL-009,2026,2
SEL-010,2005,2
SEL-010,2008,1
SEL-010,2009,2
SEL-010,2011,2
SEL-010,2013,2
SEL-010,2015,1
SEL-010,2017,1
SEL-010,2019,1
SEL-010,2022,1
SEL-010,2024,1
SEL-010,2025,1
SEL-010,2026,1
SEL-011,2003,1
SEL-011,2004,1
SEL-011,2005,4
SEL-011,2006,3
SEL-011,2007,1
SEL-011,2008,2
SEL-011,2009,2
SEL-011,2010,1
SEL-011,2012,5
SEL-011,2013,2
SEL-011,2014,4
SEL-011,2015,3
SEL-011,2016,3
SEL-011,2017,4
SEL-011,2018,3
SEL-011,2019,7
SEL-011,2020,7
SEL-011,2021,4
SEL-011,2022,1
SEL-011,2023,4
SEL-011,2024,2
SEL-011,2025,1
SEL-012,2006,1
SEL-012,2009,1
SEL-012,2011,1
SEL-012,2013,1
SEL-012,2014,1
SEL-012,2017,2
SEL-012,2020,2
SEL-012,2021,3
SEL-012,2022,4
SEL-012,2023,1
SEL-012,2025,1
SEL-013,2002,1
SEL-013,2007,4
SEL-013,2008,2
SEL-013,2009,2
SEL-013,2010,5
SEL-013,2011,8
SEL-013,2012,1
SEL-013,2013,2
SEL-013,2014,2
SEL-013,2015,3
SEL-013,2016,1
SEL-013,2019,1
SEL-013,2023,1
SEL-014,2010,3
SEL-014,2011,3
SEL-014,2012,2
SEL-014,2013,2
SEL-014,2014,3
SEL-014,2015,1
SEL-014,2016,2
SEL-014,2017,1
SEL-014,2018,1
SEL-014,2019,2
SEL-014,2021,3
SEL-014,2022,1
SEL-014,2023,6
SEL-014,2024,2
SEL-014,2025,3
SEL-015,2000,3
SEL-015,2001,4
SEL-015,2002,1
SEL-015,2003,7
SEL-015,2004,6
SEL-015,2005,2
SEL-015,2006,3
SEL-015,2007,4
SEL-015,2008,1
SEL-015,2009,6
SEL-015,2010,1
SEL-015,2011,4
SEL-015,2012,1
SEL-015,2013,1
SEL-015,2014,2
SEL-015,2015,4
SEL-015,2016,1
SEL-015,2018,1
SEL-015,2019,2
SEL-015,2020,2
SEL-015,2021,1
SEL-015,2022,1
SEL-015,2023,8
SEL-015,2024,4
SEL-015,2025,1
SEL-016,2014,1
SEL-016,2016,3
SEL-016,2017,12
SEL-016,2018,9
SEL-016,2019,7
SEL-016,2020,12
SEL-016,2021,8
SEL-016,2022,2
SEL-016,2023,7
SEL-016,2024,5
SEL-016,2025,3
SEL-017,2008,1
SEL-017,2012,5
SEL-017,2013,1
SEL-017,2014,2
SEL-017,2015,1
SEL-017,2016,3
SEL-017,2020,2
SEL-018,2014,3
SEL-018,2015,4
SEL-018,2016,2
SEL-018,2018,1
SEL-018,2024,1
SEL-019,2011,1
SEL-019,2015,1
SEL-019,2016,2
SEL-019,2017,1
SEL-019,2018,3
SEL-019,2019,2
SEL-019,2020,1
SEL-019,2021,1
SEL-019,2022,1
SEL-019,2024,1
SEL-020,2012,2
SEL-020,2015,1
SEL-020,2020,3
SEL-020,2021,1
SEL-020,2023,2
SEL-020,2024,2
SEL-021,1999,1
SEL-021,2000,2
SEL-021,2001,3
SEL-021,2004,2
SEL-021,2005,8
SEL-021,2006,2
SEL-021,2007,9
SEL-021,2008,3
SEL-021,2010,1
SEL-021,2011,2
SEL-021,2013,3
SEL-021,2014,4
SEL-021,2015,1
SEL-021,2016,3
SEL-021,2017,3
SEL-021,2018,6
SEL-021,2019,5
SEL-021,2020,6
SEL-021,2021,11
SEL-021,2022,9
SEL-021,2024,4
SEL-021,2025,2
SEL-021,2026,2
SEL-022,2013,1
SEL-022,2014,1
SEL-022,2016,1
SEL-022,2017,3
SEL-022,2018,1
SEL-022,2019,2
SEL-022,2021,2
SEL-022,2022,4
SEL-022,2023,3
SEL-022,2024,10
SEL-022,2026,1
SEL-023,2010,1
SEL-023,2021,102
SEL-023,2022,15
SEL-023,2023,15
SEL-023,2024,7
SEL-023,2025,10
SEL-023,2026,5
SEL-024,2016,3
SEL-024,2017,1
SEL-024,2018,6
SEL-024,2019,3
SEL-024,2020,6
SEL-024,2021,1
SEL-024,2022,3
SEL-024,2023,1
SEL-024,2024,6
SEL-024,2025,1
SEL-025,2005,2
SEL-025,2006,1
SEL-025,2008,1
SEL-025,2009,4
SEL-025,2010,1
SEL-025,2013,3
SEL-025,2016,2
SEL-025,2018,1
SEL-025,2020,2
SEL-025,2021,2
SEL-025,2024,2
SEL-026,2001,1
SEL-026,2002,2
SEL-026,2004,1
SEL-026,2005,3
SEL-026,2006,1
SEL-026,2007,1
SEL-026,2008,7
SEL-026,2009,5
SEL-026,2010,10
SEL-026,2011,4
SEL-026,2012,2
SEL-026,2013,1
SEL-026,2022,5
SEL-026,2023,2
SEL-026,2024,2
SEL-027,2015,1
SEL-027,2016,2
SEL-027,2017,2
SEL-027,2018,1
SEL-027,2019,2
SEL-027,2020,3
SEL-027,2021,1
SEL-027,2022,3
SEL-027,2023,1
SEL-027,2024,1
SEL-028,2017,12
SEL-028,2018,7
SEL-028,2019,6
SEL-028,2021,1
SEL-028,2023,2
SEL-028,2024,1
SEL-028,2025,3
SEL-028,2026,1
SEL-029,2017,1
SEL-029,2018,3
SEL-029,2019,1
SEL-029,2020,1
SEL-029,2023,3
SEL-029,2024,5
SEL-030,2015,3
SEL-030,2017,1
SEL-030,2018,4
SEL-030,2019,1
SEL-030,2020,2
SEL-030,2021,4
SEL-030,2022,7
SEL-030,2023,6
SEL-030,2024,22
SEL-030,2025,14
SEL-030,2026,1
SEL-031,2018,3
SEL-031,2019,1
SEL-031,2020,4
SEL-031,2021,14
SEL-031,2022,8
SEL-031,2023,5
SEL-031,2024,1
SEL-031,2025,1
SEL-031,2026,1
SEL-032,2016,3
SEL-032,2018,2
SEL-032,2019,5
SEL-032,2020,3
SEL-032,2021,1
SEL-032,2022,2
SEL-032,2023,1
SEL-032,2024,2
SEL-032,2025,1
SEL-034,2016,1
SEL-034,2020,2
SEL-034,2021,12
SEL-034,2022,5
SEL-034,2023,4
SEL-034,2024,1
SEL-035,2019,2
SEL-035,2020,2
SEL-035,2021,2
SEL-035,2022,3
SEL-035,2025,2
SEL-036,2007,2
SEL-036,2010,1
SEL-036,2013,1
SEL-036,2014,3
SEL-036,2015,2
SEL-036,2017,2
SEL-036,2018,2
SEL-036,2019,3
SEL-036,2020,2
SEL-036,2021,9
SEL-036,2022,6
SEL-036,2023,2
SEL-036,2024,3
SEL-037,2001,2
SEL-037,2004,2
SEL-037,2011,3
SEL-037,2012,2
SEL-037,2013,2
SEL-037,2015,4
SEL-037,2016,1
SEL-037,2017,3
SEL-037,2018,1
SEL-037,2020,2
SEL-037,2021,1
SEL-037,2023,1
SEL-037,2024,4
SEL-037,2025,1
SEL-038,2012,2
SEL-038,2016,2
SEL-038,2019,1
SEL-038,2020,1
SEL-038,2023,1
SEL-038,2024,1
SEL-039,2001,5
SEL-039,2002,2
SEL-039,2003,3
SEL-039,2004,1
SEL-039,2018,1
SEL-039,2019,2
SEL-039,2020,1
SEL-040,2010,5
SEL-040,2011,4
SEL-040,2012,5
SEL-040,2013,6
SEL-040,2014,9
SEL-040,2015,2
SEL-040,2016,6
SEL-040,2017,3
SEL-040,2018,2
SEL-040,2019,1
SEL-040,2020,3
SEL-040,2023,3
SEL-040,2024,10
SEL-040,2025,1
SEL-041,2022,1
SEL-041,2023,8
SEL-041,2024,9
SEL-041,2025,2
SEL-042,2018,1
SEL-042,2020,1
SEL-042,2021,4
SEL-042,2022,10
SEL-042,2023,12
SEL-042,2024,23
SEL-042,2025,1
SEL-042,2026,1
SEL-043,2018,1
SEL-043,2019,1
SEL-043,2020,6
SEL-043,2021,5
SEL-044,2018,2
SEL-044,2019,2
SEL-044,2020,12
SEL-044,2021,11
SEL-044,2022,23
SEL-044,2023,31
SEL-044,2024,1
SEL-044,2025,9
SEL-045,2018,2
SEL-045,2019,1
SEL-045,2020,2
SEL-045,2021,2
SEL-045,2022,3
SEL-045,2023,4
SEL-045,2025,1
SEL-046,1999,2
SEL-046,2000,6
SEL-046,2002,2
SEL-046,2003,4
SEL-046,2004,1
SEL-046,2006,1
SEL-046,2007,1
SEL-046,2008,2
SEL-046,2009,1
SEL-046,2010,1
SEL-046,2011,6
SEL-046,2012,4
SEL-046,2013,3
SEL-046,2016,4
SEL-046,2017,1
SEL-046,2018,3
SEL-046,2019,3
SEL-046,2020,1
SEL-046,2021,2
SEL-046,2022,6
SEL-046,2023,5
SEL-046,2024,3
SEL-046,2025,1
SEL-047,2017,2
SEL-047,2018,3
SEL-047,2019,12
SEL-047,2020,20
SEL-047,2021,28
SEL-047,2022,27
SEL-047,2023,26
SEL-047,2024,29
SEL-047,2025,29
SEL-047,2026,6
SEL-048,2019,2
SEL-048,2020,4
SEL-048,2022,5
SEL-048,2024,5
SEL-048,2025,3
SEL-049,2010,1
SEL-049,2011,1
SEL-049,2012,1
SEL-049,2013,1
SEL-049,2018,2
SEL-049,2019,2
SEL-049,2020,2
SEL-049,2021,1
SEL-049,2023,1
SEL-049,2026,1
SEL-050,2017,1
SEL-050,2019,1
SEL-050,2020,2
SEL-050,2024,2
SEL-050,2025,1
SEL-051,2004,2
SEL-051,2007,2
SEL-051,2008,1
SEL-051,2010,2
SEL-051,2011,3
SEL-051,2012,3
SEL-051,2014,1
SEL-051,2015,3
SEL-051,2016,1
SEL-051,2017,2
SEL-051,2018,4
SEL-051,2019,3
SEL-051,2020,1
SEL-051,2021,3
SEL-051,2022,3
SEL-051,2024,1
SEL-052,2016,1
SEL-052,2017,2
SEL-052,2018,2
SEL-052,2019,5
SEL-052,2020,5
SEL-052,2021,5
SEL-052,2024,16
SEL-053,2013,2
SEL-053,2018,4
SEL-053,2020,1
SEL-053,2024,1
SEL-053,2025,1
SEL-053,2026,1
SEL-054,2020,12
SEL-054,2021,1
SEL-054,2022,10
SEL-054,2023,4
SEL-054,2024,9
SEL-054,2025,1
SEL-055,2022,5
SEL-055,2023,16
SEL-055,2024,2
SEL-055,2025,4
SEL-056,2014,3
SEL-056,2019,3
SEL-056,2020,3
SEL-058,2013,1
SEL-058,2015,2
SEL-058,2016,1
SEL-058,2017,1
SEL-058,2018,7
SEL-058,2019,3
SEL-058,2020,6
SEL-058,2021,6
SEL-058,2023,4
SEL-058,2024,6
SEL-058,2025,1
SEL-059,2017,9
SEL-059,2018,8
SEL-059,2019,12
SEL-059,2020,10
SEL-059,2021,13
SEL-059,2022,11
SEL-059,2023,12
SEL-059,2024,5
SEL-059,2025,3
SEL-060,2001,4
SEL-060,2003,4
SEL-060,2004,1
SEL-060,2007,3
SEL-060,2008,5
SEL-060,2009,3
SEL-060,2010,3
SEL-060,2011,6
SEL-060,2012,8
SEL-060,2013,4
SEL-060,2014,12
SEL-060,2015,5
SEL-060,2016,2
SEL-060,2017,1
SEL-060,2018,5
SEL-060,2019,2
SEL-060,2020,3
SEL-060,2021,9
SEL-060,2022,5
SEL-060,2023,7
SEL-060,2024,7
SEL-060,2025,1
SEL-061,2017,1
SEL-061,2021,3
SEL-061,2022,3
SEL-061,2024,3
SEL-061,2025,2
SEL-061,2026,1
SEL-062,2004,5
SEL-062,2006,2
SEL-062,2007,1
SEL-062,2008,1
SEL-062,2009,2
SEL-063,2021,3
SEL-063,2022,2
SEL-063,2023,2
SEL-063,2024,6
SEL-064,2000,2
SEL-064,2002,2
SEL-064,2004,17
SEL-064,2005,3
SEL-064,2008,2
SEL-064,2014,1
SEL-064,2019,1
SEL-064,2020,2
SEL-064,2024,1
SEL-064,2026,4
SEL-065,2017,1
SEL-065,2019,1
SEL-065,2020,2
SEL-065,2022,4
SEL-065,2023,3
SEL-065,2024,4
SEL-065,2025,1
SEL-066,2024,1
SEL-067,2020,1
SEL-067,2021,3
SEL-067,2022,3
SEL-067,2023,4
SEL-067,2024,13
SEL-067,2025,6
SEL-068,2003,1
SEL-068,2004,4
SEL-068,2008,5
SEL-068,2009,1
SEL-068,2011,1
SEL-068,2013,3
SEL-068,2014,3
SEL-068,2015,5
SEL-068,2016,1
SEL-068,2017,1
SEL-068,2018,9
SEL-068,2019,5
SEL-068,2020,6
SEL-068,2021,3
SEL-068,2022,5
SEL-068,2023,9
SEL-068,2024,5
SEL-069,2022,11
SEL-069,2023,2
SEL-069,2024,6
SEL-069,2025,2
SEL-070,1996,2
SEL-070,1998,1
SEL-070,2001,2
SEL-070,2002,13
SEL-070,2003,6
SEL-070,2004,11
SEL-070,2005,10
SEL-070,2006,9
SEL-070,2007,4
SEL-070,2009,5
SEL-070,2010,5
SEL-070,2011,12
SEL-070,2012,6
SEL-070,2013,10
SEL-070,2014,9
SEL-070,2015,6
SEL-070,2016,9
SEL-070,2017,14
SEL-070,2018,21
SEL-070,2019,15
SEL-070,2020,17
SEL-070,2021,15
SEL-070,2022,8
SEL-070,2023,11
SEL-070,2024,8
SEL-070,2025,4
SEL-071,1997,2
SEL-071,1998,3
SEL-071,1999,5
SEL-071,2000,7
SEL-071,2001,35
SEL-071,2002,15
SEL-071,2003,12
SEL-071,2004,4
SEL-071,2005,3
SEL-071,2006,7
SEL-071,2007,5
SEL-071,2008,21
SEL-071,2010,7
SEL-071,2011,7
SEL-071,2012,3
SEL-071,2013,9
SEL-071,2014,1
SEL-071,2015,14
SEL-071,2016,13
SEL-071,2017,3
SEL-071,2018,6
SEL-071,2019,10
SEL-071,2020,7
SEL-071,2021,12
SEL-071,2022,13
SEL-071,2023,14
SEL-071,2024,6
SEL-071,2025,12
SEL-072,2017,2
SEL-072,2019,2
SEL-072,2020,2
SEL-072,2021,3
SEL-072,2022,1
SEL-072,2023,1
SEL-072,2024,2
SEL-072,2025,2
SEL-073,2001,2
SEL-073,2004,3
SEL-073,2005,1
SEL-073,2006,5
SEL-073,2007,4
SEL-073,2008,4
SEL-073,2009,2
SEL-073,2010,4
SEL-073,2012,1
SEL-073,2013,3
SEL-073,2014,1
SEL-073,2021,2
SEL-073,2022,2
SEL-074,2018,2
SEL-074,2019,5
SEL-074,2020,15
SEL-074,2021,11
SEL-074,2022,20
SEL-074,2023,22
SEL-074,2024,30
SEL-074,2025,7
SEL-074,2026,2
SEL-075,2025,1
SEL-076,1998,2
SEL-076,2001,1
SEL-076,2004,1
SEL-076,2006,3
SEL-076,2007,1
SEL-076,2009,10
SEL-076,2012,2
SEL-076,2014,3
SEL-076,2017,3
SEL-076,2018,2
SEL-076,2019,9
SEL-076,2020,6
SEL-076,2021,1
SEL-076,2023,9
SEL-076,2024,9
SEL-076,2025,3
SEL-077,2003,2
SEL-077,2012,2
SEL-077,2014,4
SEL-077,2015,1
SEL-077,2016,2
SEL-077,2017,4
SEL-077,2024,5
SEL-077,2025,2
SEL-078,2016,6
SEL-078,2017,7
SEL-078,2018,13
SEL-078,2019,15
SEL-078,2020,16
SEL-078,2021,19
SEL-078,2022,8
SEL-078,2023,16
SEL-078,2024,7
SEL-078,2025,3
SEL-079,2022,2
SEL-079,2023,4
SEL-079,2024,3
SEL-080,2020,1
SEL-080,2021,7
SEL-080,2022,6
SEL-080,2023,2
SEL-080,2024,2
SEL-080,2025,8
SEL-080,2026,2
SEL-081,2008,1
SEL-081,2018,1
SEL-081,2019,6
SEL-081,2020,2
SEL-081,2022,1
SEL-081,2023,2
SEL-081,2025,2
SEL-082,2001,2
SEL-082,2002,4
SEL-082,2003,7
SEL-082,2004,14
SEL-082,2005,14
SEL-082,2006,3
SEL-082,2007,5
SEL-082,2008,5
SEL-082,2009,2
SEL-082,2010,5
SEL-082,2011,1
SEL-082,2012,5
SEL-082,2013,2
SEL-082,2014,3
SEL-082,2015,1
SEL-082,2016,6
SEL-082,2017,1
SEL-082,2018,1
SEL-082,2019,1
SEL-082,2020,1
SEL-082,2021,3
SEL-082,2022,1
SEL-082,2023,2
SEL-082,2024,2
SEL-082,2025,1
SEL-083,2012,1
SEL-083,2013,2
SEL-083,2014,2
SEL-083,2016,1
SEL-083,2017,2
SEL-083,2018,2
SEL-083,2021,1
SEL-083,2023,1
SEL-083,2025,3
