application_year,n,coapplications,with_registration_number
1996,2,0,0
1997,2,0,1
1998,6,0,5
1999,8,4,5
2000,20,5,16
2001,61,23,43
2002,43,8,33
2003,50,13,39
2004,76,12,63
2005,52,2,44
2006,42,6,35
2007,50,2,42
2008,65,11,53
2009,49,7,34
2010,61,8,43
2011,75,5,52
2012,66,9,56
2013,73,8,60
2014,89,15,73
2015,78,9,54
2016,107,9,73
2017,136,10,107
2018,195,17,153
2019,216,22,190
2020,288,12,242
2021,445,30,334
2022,321,20,254
2023,350,25,269
2024,373,12,198
2025,187,12,101
2026,35,0,19
