selection_id,company_name_official,n,coapplication_count,coapplication_pct
SEL-071,마크애니,256.0,45.0,17.578125
SEL-009,에스오에스랩,138.0,17.0,12.318840579710146
SEL-036,솔탑,38.0,13.0,34.21052631578947
SEL-011,대한광통신,65.0,11.0,16.923076923076923
SEL-060,이오시스템,100.0,11.0,11.0
SEL-044,마키나락스,91.0,10.0,10.989010989010989
SEL-052,유뱃,36.0,10.0,27.77777777777778
SEL-002,단암시스템즈,46.0,10.0,21.73913043478261
SEL-082,이루온,92.0,10.0,10.869565217391305
SEL-051,소나테크,35.0,9.0,25.71428571428571
SEL-015,아이블포토닉스,71.0,9.0,12.676056338028168
SEL-078,센서뷰,110.0,9.0,8.181818181818182
SEL-004,솔빛시스템,22.0,9.0,40.909090909090914
SEL-070,부전전자,233.0,9.0,3.862660944206009
SEL-068,인텔리빅스,67.0,8.0,11.940298507462686
SEL-073,아이쓰리시스템,34.0,8.0,23.52941176470588
SEL-024,웨이브피아,31.0,7.0,22.58064516129032
SEL-081,모아컴코리아,15.0,7.0,46.666666666666664
SEL-077,케이알엠,22.0,6.0,27.27272727272727
SEL-032,센서피아,20.0,6.0,30.0
SEL-062,삼영기계,11.0,6.0,54.54545454545454
SEL-040,펀진,60.0,6.0,10.0
SEL-065,나라스페이스 테크놀로지,16.0,5.0,31.25
SEL-063,스텝랩,13.0,5.0,38.46153846153847
SEL-031,파블로항공,38.0,5.0,13.157894736842104
SEL-049,포멀웍스,13.0,4.0,30.76923076923077
SEL-072,써로마인드,15.0,4.0,26.666666666666668
SEL-021,코난테크놀로지,92.0,4.0,4.3478260869565215
SEL-001,ANH스트럭쳐,54.0,4.0,7.4074074074074066
SEL-064,극동통신,35.0,3.0,8.571428571428571
SEL-026,마이크로인피니티,47.0,3.0,6.382978723404255
SEL-025,쿠오핀,21.0,3.0,14.285714285714285
SEL-042,모라이,53.0,3.0,5.660377358490567
SEL-076,삼현,65.0,3.0,4.615384615384616
SEL-083,유저스,15.0,3.0,20.0
SEL-020,루미르,11.0,2.0,18.181818181818183
SEL-027,컨트로맥스,17.0,2.0,11.76470588235294
SEL-058,덕산넵코어스,38.0,2.0,5.263157894736842
SEL-016,스탠다드시험연구소,69.0,2.0,2.898550724637681
SEL-017,우리별,15.0,2.0,13.333333333333334
SEL-053,아이티사이언스,10.0,2.0,20.0
SEL-034,아이디케이,25.0,2.0,8.0
SEL-080,비이아이랩,28.0,2.0,7.142857142857142
SEL-067,텔레픽스,30.0,2.0,6.666666666666667
SEL-028,링크플로우,33.0,2.0,6.0606060606060606
SEL-045,퓨리오사에이아이,15.0,2.0,13.333333333333334
SEL-006,아이브스,28.0,2.0,7.142857142857142
SEL-046,옵토웰,63.0,2.0,3.1746031746031744
SEL-043,코클,13.0,1.0,7.6923076923076925
SEL-054,패리티,37.0,1.0,2.7027027027027026
SEL-037,두시텍,29.0,1.0,3.4482758620689653
SEL-018,성신디펜스솔루션,11.0,1.0,9.090909090909092
SEL-029,두타기술,14.0,1.0,7.142857142857142
SEL-014,네스앤텍,35.0,1.0,2.857142857142857
SEL-030,니어스랩,65.0,1.0,1.5384615384615385
SEL-013,빅텍,33.0,1.0,3.0303030303030303
SEL-047,웨이브로드,182.0,0.0,0.0
SEL-005,에스아이에이,68.0,0.0,0.0
SEL-059,버넥트,83.0,0.0,0.0
SEL-023,인피닉,155.0,0.0,0.0
SEL-074,딥엑스,114.0,0.0,0.0
SEL-008,RFHIC,57.0,0.0,0.0
SEL-055,위플로,27.0,0.0,0.0
SEL-022,다비오,29.0,0.0,0.0
SEL-007,웨이비스,32.0,0.0,0.0
SEL-069,데이터메이커,21.0,0.0,0.0
SEL-039,코모텍,15.0,0.0,0.0
SEL-019,하나에이엠티,14.0,0.0,0.0
SEL-010,코모텍,16.0,0.0,0.0
SEL-048,에이유,19.0,0.0,0.0
SEL-041,젠젠에이아이,20.0,0.0,0.0
SEL-012,영풍전자,18.0,0.0,0.0
SEL-061,휴라,13.0,0.0,0.0
SEL-035,심네트,11.0,0.0,0.0
SEL-079,유큐브,9.0,0.0,0.0
SEL-056,삼정오토메이션,9.0,0.0,0.0
SEL-038,아이스펙,8.0,0.0,0.0
SEL-050,유비파이,7.0,0.0,0.0
SEL-003,제노코,6.0,0.0,0.0
SEL-066,스페이스맵,1.0,0.0,0.0
SEL-075,라이온로보틱스,1.0,0.0,0.0
