selection_id,subclass_count,top_subclass_share,entropy,effective_subclasses,company_name_official,n
SEL-001,41,0.13734567901234568,3.257357874531693,25.9808018406281,ANH스트럭쳐,54.0
SEL-002,31,0.22463768115942032,2.8246110628779593,16.854388413801086,단암시스템즈,46.0
SEL-003,11,0.2638888888888889,2.1968978808207247,8.99706021159601,제노코,6.0
SEL-004,11,0.36363636363636365,1.9181407374345782,6.808288298785274,솔빛시스템,22.0
SEL-005,14,0.30318627450980395,1.7911158677406216,5.996139633477472,에스아이에이,68.0
SEL-006,19,0.24404761904761904,2.329645579803577,10.274299468435233,아이브스,28.0
SEL-007,13,0.5020833333333333,1.7111509807847147,5.5353288697142125,웨이비스,32.0
SEL-008,27,0.19444444444444445,2.5586213886791493,12.917996138408219,RFHIC,57.0
SEL-009,26,0.5443236714975845,1.7815327856567595,5.938952586913472,에스오에스랩,138.0
SEL-010,7,0.8020833333333334,0.8363932579433074,2.3080274868221986,코모텍,16.0
SEL-011,17,0.541025641025641,1.433237935359263,4.192251478666287,대한광통신,65.0
SEL-012,25,0.14814814814814814,2.950013535957517,19.106212347359957,영풍전자,18.0
SEL-013,22,0.22727272727272727,2.5995133282853677,13.457187208707065,빅텍,33.0
SEL-014,25,0.24857142857142855,2.5885594730771078,13.310583532109991,네스앤텍,35.0
SEL-015,43,0.16901408450704225,3.155983639651068,23.476117778330554,아이블포토닉스,71.0
SEL-016,43,0.1176328502415459,3.152497888114111,23.394428321990663,스탠다드시험연구소,69.0
SEL-017,17,0.1722222222222222,2.5659455395994653,13.012956820398086,우리별,15.0
SEL-018,11,0.22727272727272727,2.149802049611804,8.583159189310544,성신디펜스솔루션,11.0
SEL-019,15,0.4345238095238095,2.018990048912613,7.530715437454387,하나에이엠티,14.0
SEL-020,12,0.36363636363636365,2.048989925829872,7.760058911309235,루미르,11.0
SEL-021,19,0.3242753623188406,2.132232746783089,8.433676068583758,코난테크놀로지,92.0
SEL-022,13,0.4770114942528736,1.8737654291499273,6.512773674483897,다비오,29.0
SEL-023,24,0.29129032258064513,2.150752118423362,8.591317656099694,인피닉,155.0
SEL-024,22,0.1881720430107527,2.720195198562843,15.183285711262377,웨이브피아,31.0
SEL-025,9,0.43650793650793646,1.4150935771949025,4.116871693253563,쿠오핀,21.0
SEL-026,32,0.22695035460992907,2.7565510843341183,15.745444484177714,마이크로인피니티,47.0
SEL-027,12,0.37745098039215685,2.0259868690721716,7.58359126465659,컨트로맥스,17.0
SEL-028,13,0.45959595959595956,1.8605635693356593,6.4273580128083125,링크플로우,33.0
SEL-029,14,0.2523809523809524,2.2115511104767798,9.129866847863168,두타기술,14.0
SEL-030,29,0.17527472527472526,2.7910322617830032,16.297834753541053,니어스랩,65.0
SEL-031,27,0.19364035087719297,2.5463953850492405,12.761022207954461,파블로항공,38.0
SEL-032,18,0.225,2.553185404945684,12.847964639028605,센서피아,20.0
SEL-034,18,0.44733333333333336,2.033051965656701,7.637359785638858,아이디케이,25.0
SEL-035,6,0.30303030303030304,1.6173488782286074,5.039711700818454,심네트,11.0
SEL-036,35,0.13157894736842105,3.2015531350771704,24.570662134649854,솔탑,38.0
SEL-037,15,0.5,1.949433859709203,7.024709483545259,두시텍,29.0
SEL-038,13,0.16666666666666666,2.468031335197557,11.799195311404763,아이스펙,8.0
SEL-039,3,0.7333333333333333,0.6803872144198174,1.9746421941471108,코모텍,15.0
SEL-040,31,0.2477777777777778,2.666370986685647,14.387661322728558,펀진,60.0
SEL-041,7,0.4833333333333334,1.2964226197807953,3.6561936495149814,젠젠에이아이,20.0
SEL-042,16,0.36383647798742136,2.031450102970201,7.625135577340343,모라이,53.0
SEL-043,11,0.38461538461538464,1.898961637453192,6.6789556630062,코클,13.0
SEL-044,13,0.44505494505494503,1.6568467866559904,5.2427532338702205,마키나락스,91.0
SEL-045,3,0.7666666666666667,0.6828690186734608,1.9795489558364459,퓨리오사에이아이,15.0
SEL-046,21,0.23544973544973546,2.2380160002885607,9.3747133959318,옵토웰,63.0
SEL-047,17,0.521978021978022,1.4365772965976735,4.206274321393428,웨이브로드,182.0
SEL-048,9,0.5368421052631579,1.5085960860868315,4.520380112919017,에이유,19.0
SEL-049,13,0.36538461538461536,1.9802132783032838,7.244287869835342,포멀웍스,13.0
SEL-050,10,0.1904761904761905,2.140610655213766,8.504629439830158,유비파이,7.0
SEL-051,19,0.5047619047619047,2.008689499025407,7.4535430686615625,소나테크,35.0
SEL-052,13,0.7800925925925927,0.9363638652838314,2.550689883894115,유뱃,36.0
SEL-053,12,0.3,2.1927238641272346,8.959584598407622,아이티사이언스,10.0
SEL-054,18,0.4189189189189189,1.934657344703944,6.921671901451338,패리티,37.0
SEL-055,24,0.18959435626102292,2.7431576613750384,15.535965041337144,위플로,27.0
SEL-056,11,0.2777777777777778,2.135240257526717,8.45907862004409,삼정오토메이션,9.0
SEL-058,21,0.45614035087719296,2.0466995179468475,7.7423055501863,덕산넵코어스,38.0
SEL-059,22,0.3880665519219736,2.148369123334548,8.570868962563676,버넥트,83.0
SEL-060,43,0.2341666666666667,2.7732676941896965,16.010867240056744,이오시스템,100.0
SEL-061,10,0.3269230769230769,1.7938045070489976,6.012282782021813,휴라,13.0
SEL-062,6,0.36363636363636365,1.5311533190671127,4.62350612628746,삼영기계,11.0
SEL-063,14,0.2564102564102564,2.215073072324036,9.162078581523598,스텝랩,13.0
SEL-064,8,0.6523809523809524,1.1203736970294784,3.0659997442338494,극동통신,35.0
SEL-065,13,0.3541666666666667,2.067217426533183,7.90280236669984,나라스페이스 테크놀로지,16.0
SEL-066,2,0.5,0.6931471805599453,2.0,스페이스맵,1.0
SEL-067,17,0.1511111111111111,2.468482625961356,11.804521380981669,텔레픽스,30.0
SEL-068,23,0.38383084577114424,2.0797388658496763,8.002378947000418,인텔리빅스,67.0
SEL-069,6,0.30952380952380953,1.5139749445780022,4.544760107362394,데이터메이커,21.0
SEL-070,25,0.7668097281831188,1.0835697365835704,2.9552100657851295,부전전자,233.0
SEL-071,29,0.23372395833333334,2.2543888691451044,9.52946777845684,마크애니,256.0
SEL-072,17,0.3555555555555555,2.333109010237318,10.309945483013252,써로마인드,15.0
SEL-073,22,0.29411764705882354,2.4401979703782803,11.475312289852807,아이쓰리시스템,34.0
SEL-074,19,0.5340643274853801,1.4814312183578608,4.399237446793788,딥엑스,114.0
SEL-075,2,0.5,0.6931471805599453,2.0,라이온로보틱스,1.0
SEL-076,36,0.33205128205128204,2.7288399032681983,15.31510970148458,삼현,65.0
SEL-077,24,0.30303030303030304,2.645418054184244,14.089333957118424,케이알엠,22.0
SEL-078,38,0.3701515151515152,2.065127400310468,7.886302551050412,센서뷰,110.0
SEL-079,13,0.39814814814814814,1.8822466603019026,6.568244913147012,유큐브,9.0
SEL-080,9,0.4732142857142857,1.4556332033796933,4.287197274118464,비이아이랩,28.0
SEL-081,9,0.6,1.407932146611495,4.0874943199653995,모아컴코리아,15.0
SEL-082,14,0.358695652173913,1.8542351316764742,6.386811312265886,이루온,92.0
SEL-083,9,0.5222222222222223,1.572730806607471,4.819792159067951,유저스,15.0
