selection_id,company_name_official,field_official,cohort,selection_year,n,first_year,last_year,median_year,coapplication_count,registered_number_count,collection_status,coapplication_pct,registered_number_pct
SEL-001,ANH스트럭쳐,우주,1,2022,54.0,2014.0,2024.0,2019.0,4.0,25.0,collected,7.4074074074074066,46.2962962962963
SEL-002,단암시스템즈,우주,1,2022,46.0,2002.0,2024.0,2020.0,10.0,38.0,collected,21.73913043478261,82.6086956521739
SEL-003,제노코,우주,1,2022,6.0,2007.0,2021.0,2014.0,0.0,6.0,collected,0.0,100.0
SEL-004,솔빛시스템,인공지능,1,2022,22.0,2010.0,2025.0,2021.0,9.0,15.0,collected,40.909090909090914,68.18181818181817
SEL-005,에스아이에이,인공지능,1,2022,68.0,2020.0,2024.0,2021.0,0.0,43.0,collected,0.0,63.23529411764706
SEL-006,아이브스,인공지능,1,2022,28.0,2011.0,2022.0,2016.5,2.0,27.0,collected,7.142857142857142,96.42857142857143
SEL-007,웨이비스,반도체,1,2022,32.0,2015.0,2026.0,2022.0,0.0,23.0,collected,0.0,71.875
SEL-008,RFHIC,반도체,1,2022,57.0,2015.0,2025.0,2020.0,0.0,46.0,collected,0.0,80.7017543859649
SEL-009,에스오에스랩,로봇,1,2022,138.0,2016.0,2026.0,2021.0,17.0,89.0,collected,12.318840579710146,64.4927536231884
SEL-010,코모텍,드론,1,2022,16.0,2005.0,2026.0,2013.0,0.0,13.0,collected,0.0,81.25
SEL-011,대한광통신,드론,1,2022,65.0,2003.0,2025.0,2017.0,11.0,44.0,collected,16.923076923076923,67.6923076923077
SEL-012,영풍전자,드론,1,2022,18.0,2006.0,2025.0,2020.5,0.0,10.0,collected,0.0,55.55555555555556
SEL-013,빅텍,드론,1,2022,33.0,2002.0,2023.0,2011.0,1.0,21.0,collected,3.0303030303030303,63.63636363636363
SEL-014,네스앤텍,드론,1,2022,35.0,2010.0,2025.0,2018.0,1.0,31.0,collected,2.857142857142857,88.57142857142857
SEL-015,아이블포토닉스,기타,1,2022,71.0,2000.0,2025.0,2009.0,9.0,51.0,collected,12.676056338028168,71.83098591549296
SEL-016,스탠다드시험연구소,기타,1,2022,69.0,2014.0,2025.0,2020.0,2.0,67.0,collected,2.898550724637681,97.10144927536231
SEL-017,우리별,기타,1,2022,15.0,2008.0,2020.0,2014.0,2.0,12.0,collected,13.333333333333334,80.0
SEL-018,성신디펜스솔루션,기타,1,2022,11.0,2014.0,2024.0,2015.0,1.0,5.0,collected,9.090909090909092,45.45454545454545
SEL-019,하나에이엠티,우주,2,2023,14.0,2011.0,2024.0,2018.0,0.0,9.0,collected,0.0,64.28571428571429
SEL-020,루미르,우주,2,2023,11.0,2012.0,2024.0,2020.0,2.0,7.0,collected,18.181818181818183,63.63636363636363
SEL-021,코난테크놀로지,인공지능,2,2023,92.0,1999.0,2026.0,2017.0,4.0,65.0,collected,4.3478260869565215,70.65217391304348
SEL-022,다비오,인공지능,2,2023,29.0,2013.0,2026.0,2022.0,0.0,22.0,collected,0.0,75.86206896551724
SEL-023,인피닉,인공지능,2,2023,155.0,2010.0,2026.0,2021.0,0.0,132.0,collected,0.0,85.16129032258064
SEL-024,웨이브피아,반도체,2,2023,31.0,2016.0,2025.0,2020.0,7.0,22.0,collected,22.58064516129032,70.96774193548387
SEL-025,쿠오핀,반도체,2,2023,21.0,2005.0,2024.0,2013.0,3.0,19.0,collected,14.285714285714285,90.47619047619048
SEL-026,마이크로인피니티,로봇,2,2023,47.0,2001.0,2024.0,2010.0,3.0,35.0,collected,6.382978723404255,74.46808510638297
SEL-027,컨트로맥스,로봇,2,2023,17.0,2015.0,2024.0,2020.0,2.0,17.0,collected,11.76470588235294,100.0
SEL-028,링크플로우,로봇,2,2023,33.0,2017.0,2026.0,2018.0,2.0,24.0,collected,6.0606060606060606,72.72727272727273
SEL-029,두타기술,드론,2,2023,14.0,2017.0,2024.0,2023.0,1.0,9.0,collected,7.142857142857142,64.28571428571429
SEL-030,니어스랩,드론,2,2023,65.0,2015.0,2026.0,2024.0,1.0,33.0,collected,1.5384615384615385,50.76923076923077
SEL-031,파블로항공,드론,2,2023,38.0,2018.0,2026.0,2021.0,5.0,36.0,collected,13.157894736842104,94.73684210526315
SEL-032,센서피아,드론,2,2023,20.0,2016.0,2025.0,2019.5,6.0,12.0,collected,30.0,60.0
SEL-033,디브레인,드론,2,2023,,,,,,,identity_not_confirmed,,
SEL-034,아이디케이,기타,2,2023,25.0,2016.0,2024.0,2021.0,2.0,22.0,collected,8.0,88.0
SEL-035,심네트,기타,2,2023,11.0,2019.0,2025.0,2021.0,0.0,9.0,collected,0.0,81.81818181818183
SEL-036,솔탑,우주,3,2024,38.0,2007.0,2024.0,2021.0,13.0,27.0,collected,34.21052631578947,71.05263157894737
SEL-037,두시텍,우주,3,2024,29.0,2001.0,2025.0,2015.0,1.0,24.0,collected,3.4482758620689653,82.75862068965517
SEL-038,아이스펙,우주,3,2024,8.0,2012.0,2024.0,2017.5,0.0,7.0,collected,0.0,87.5
SEL-039,코모텍,우주,3,2024,15.0,2001.0,2020.0,2003.0,0.0,13.0,collected,0.0,86.66666666666667
SEL-040,펀진,인공지능,3,2024,60.0,2010.0,2025.0,2015.0,6.0,43.0,collected,10.0,71.66666666666667
SEL-041,젠젠에이아이,인공지능,3,2024,20.0,2022.0,2025.0,2024.0,0.0,19.0,collected,0.0,95.0
SEL-042,모라이,인공지능,3,2024,53.0,2018.0,2026.0,2023.0,3.0,43.0,collected,5.660377358490567,81.13207547169812
SEL-043,코클,인공지능,3,2024,13.0,2018.0,2021.0,2020.0,1.0,8.0,collected,7.6923076923076925,61.53846153846154
SEL-044,마키나락스,인공지능,3,2024,91.0,2018.0,2025.0,2022.0,10.0,59.0,collected,10.989010989010989,64.83516483516483
SEL-045,퓨리오사에이아이,반도체,3,2024,15.0,2018.0,2025.0,2022.0,2.0,10.0,collected,13.333333333333334,66.66666666666666
SEL-046,옵토웰,반도체,3,2024,63.0,1999.0,2025.0,2013.0,2.0,49.0,collected,3.1746031746031744,77.77777777777779
SEL-047,웨이브로드,반도체,3,2024,182.0,2017.0,2026.0,2022.0,0.0,139.0,collected,0.0,76.37362637362637
SEL-048,에이유,로봇,3,2024,19.0,2019.0,2025.0,2022.0,0.0,6.0,collected,0.0,31.57894736842105
SEL-049,포멀웍스,로봇,3,2024,13.0,2010.0,2026.0,2019.0,4.0,7.0,collected,30.76923076923077,53.84615384615385
SEL-050,유비파이,드론,3,2024,7.0,2017.0,2025.0,2020.0,0.0,3.0,collected,0.0,42.857142857142854
SEL-051,소나테크,드론,3,2024,35.0,2004.0,2024.0,2016.0,9.0,23.0,collected,25.71428571428571,65.71428571428571
SEL-052,유뱃,드론,3,2024,36.0,2016.0,2024.0,2021.0,10.0,21.0,collected,27.77777777777778,58.333333333333336
SEL-053,아이티사이언스,드론,3,2024,10.0,2013.0,2026.0,2018.0,2.0,7.0,collected,20.0,70.0
SEL-054,패리티,드론,3,2024,37.0,2020.0,2025.0,2022.0,1.0,25.0,collected,2.7027027027027026,67.56756756756756
SEL-055,위플로,드론,3,2024,27.0,2022.0,2025.0,2023.0,0.0,25.0,collected,0.0,92.5925925925926
SEL-056,삼정오토메이션,기타,3,2024,9.0,2014.0,2020.0,2019.0,0.0,9.0,collected,0.0,100.0
SEL-057,인텔릭스,기타,3,2024,,,,,,,identity_not_confirmed,,
SEL-058,덕산넵코어스,기타,3,2024,38.0,2013.0,2025.0,2020.0,2.0,30.0,collected,5.263157894736842,78.94736842105263
SEL-059,버넥트,기타,3,2024,83.0,2017.0,2025.0,2021.0,0.0,60.0,collected,0.0,72.28915662650603
SEL-060,이오시스템,기타,3,2024,100.0,2001.0,2025.0,2014.0,11.0,74.0,collected,11.0,74.0
SEL-061,휴라,기타,3,2024,13.0,2017.0,2026.0,2022.0,0.0,12.0,collected,0.0,92.3076923076923
SEL-062,삼영기계,기타,3,2024,11.0,2004.0,2009.0,2006.0,6.0,6.0,collected,54.54545454545454,54.54545454545454
SEL-063,스텝랩,우주,4,2025,13.0,2021.0,2024.0,2023.0,5.0,8.0,collected,38.46153846153847,61.53846153846154
SEL-064,극동통신,우주,4,2025,35.0,2000.0,2026.0,2004.0,3.0,32.0,collected,8.571428571428571,91.42857142857143
SEL-065,나라스페이스 테크놀로지,우주,4,2025,16.0,2017.0,2025.0,2022.5,5.0,11.0,collected,31.25,68.75
SEL-066,스페이스맵,우주,4,2025,1.0,2024.0,2024.0,2024.0,0.0,0.0,collected,0.0,0.0
SEL-067,텔레픽스,인공지능,4,2025,30.0,2020.0,2025.0,2024.0,2.0,25.0,collected,6.666666666666667,83.33333333333334
SEL-068,인텔리빅스,인공지능,4,2025,67.0,2003.0,2024.0,2018.0,8.0,63.0,collected,11.940298507462686,94.02985074626866
SEL-069,데이터메이커,인공지능,4,2025,21.0,2022.0,2025.0,2022.0,0.0,20.0,collected,0.0,95.23809523809523
SEL-070,부전전자,인공지능,4,2025,233.0,1996.0,2025.0,2016.0,9.0,202.0,collected,3.862660944206009,86.69527896995707
SEL-071,마크애니,인공지능,4,2025,256.0,1997.0,2025.0,2011.0,45.0,172.0,collected,17.578125,67.1875
SEL-072,써로마인드,인공지능,4,2025,15.0,2017.0,2025.0,2021.0,4.0,12.0,collected,26.666666666666668,80.0
SEL-073,아이쓰리시스템,반도체,4,2025,34.0,2001.0,2022.0,2008.0,8.0,28.0,collected,23.52941176470588,82.35294117647058
SEL-074,딥엑스,반도체,4,2025,114.0,2018.0,2026.0,2023.0,0.0,64.0,collected,0.0,56.14035087719298
SEL-075,라이온로보틱스,로봇,4,2025,1.0,2025.0,2025.0,2025.0,0.0,1.0,collected,0.0,100.0
SEL-076,삼현,로봇,4,2025,65.0,1998.0,2025.0,2019.0,3.0,50.0,collected,4.615384615384616,76.92307692307693
SEL-077,케이알엠,로봇,4,2025,22.0,2003.0,2025.0,2016.5,6.0,16.0,collected,27.27272727272727,72.72727272727273
SEL-078,센서뷰,드론,4,2025,110.0,2016.0,2025.0,2020.0,9.0,76.0,collected,8.181818181818182,69.0909090909091
SEL-079,유큐브,드론,4,2025,9.0,2022.0,2024.0,2023.0,0.0,3.0,collected,0.0,33.33333333333333
SEL-080,비이아이랩,드론,4,2025,28.0,2020.0,2026.0,2022.5,2.0,27.0,collected,7.142857142857142,96.42857142857143
SEL-081,모아컴코리아,드론,4,2025,15.0,2008.0,2025.0,2019.0,7.0,13.0,collected,46.666666666666664,86.66666666666667
SEL-082,이루온,드론,4,2025,92.0,2001.0,2025.0,2007.0,10.0,69.0,collected,10.869565217391305,75.0
SEL-083,유저스,센서,4,2025,15.0,2012.0,2025.0,2017.0,3.0,14.0,collected,20.0,93.33333333333333
