ipc_subclass,full_count,fractional_count
G06F,556,286.98214285714283
G06N,512,252.07619047619048
G06T,504,249.8595238095238
G01S,360,206.7095238095238
H04N,349,190.9
H04R,201,184.98333333333332
G06Q,261,110.48571428571428
H10H,124,105.53333333333333
G02B,176,103.12619047619047
H01Q,122,94.55
G06V,235,88.38333333333333
H04L,133,78.7095238095238
H10D,112,70.31666666666666
H01M,81,59.15
H04W,106,57.61904761904762
H10P,85,49.416666666666664
H02K,71,49.0
B64U,146,45.996428571428574
H01R,51,42.36666666666667
G01N,77,39.67619047619048
H01P,49,37.166666666666664
G05D,114,36.26785714285714
B64C,118,34.46071428571429
H10W,62,34.233333333333334
H04B,59,32.7
B64D,94,29.741666666666667
A61B,51,29.316666666666666
H01S,45,27.083333333333332
G01C,58,26.583333333333332
G06K,61,26.567857142857143
G01R,48,26.235714285714284
G01J,47,26.042857142857144
G08B,67,25.25
H04M,48,25.0
F41G,48,24.85
H10N,32,21.666666666666668
G10L,44,21.6
H01F,25,21.0
H05K,36,20.116666666666667
C03B,25,18.333333333333332
G08G,41,16.88452380952381
B60W,40,16.3
F25J,20,15.5
G05B,33,15.342857142857143
G01M,42,15.276190476190475
G09B,37,14.926190476190476
G21C,26,14.75
G03B,40,14.692857142857143
A61N,19,14.583333333333334
B64G,27,13.666666666666666
G01B,38,13.433333333333334
H03F,23,12.9
G11B,17,12.25
B25J,27,11.95
F17C,19,11.2
C23C,15,11.166666666666666
H01B,17,10.666666666666666
F16H,17,10.566666666666666
B29C,20,10.333333333333334
F41H,36,9.9
B64F,33,9.003571428571428
A62C,21,8.866666666666667
G21D,17,8.333333333333334
H05B,15,8.166666666666666
H10F,12,7.5
H02P,16,7.5
C30B,11,7.5
G01L,15,7.116666666666666
B23K,11,6.916666666666667
H03H,15,6.866666666666666
G01P,16,6.7
H01G,11,6.5
B22F,11,6.333333333333333
H02M,10,6.25
F41A,11,6.176190476190476
B60R,18,6.15
G01W,18,5.916666666666666
F16C,9,5.583333333333333
G08C,15,5.566666666666666
H02J,13,5.533333333333333
B60L,12,5.533333333333333
G01H,18,5.5285714285714285
G01V,12,5.416666666666666
H04Q,9,5.366666666666666
F16B,11,5.333333333333333
G10K,8,5.283333333333333
H01L,11,5.033333333333333
H10B,15,5.016666666666667
G01T,11,5.0
F16F,11,4.833333333333333
G01D,17,4.785714285714286
H03K,7,4.5
H02N,8,4.333333333333333
B06B,11,4.083333333333333
F42B,13,3.9166666666666665
H04K,10,3.8666666666666667
H03M,7,3.8333333333333335
B63B,9,3.7
B62M,8,3.6666666666666665
B01D,9,3.6666666666666665
C03C,6,3.5
H03B,6,3.3333333333333335
H02G,8,3.333333333333333
G16H,10,3.333333333333333
C01B,6,3.0833333333333335
H02H,6,3.0833333333333335
F16K,6,3.0833333333333335
B32B,7,3.0833333333333335
B66C,6,3.0
F02F,4,3.0
B21D,3,3.0
B33Y,8,3.0
G07C,9,2.9833333333333334
G02F,6,2.8333333333333335
F03D,12,2.8095238095238093
B65H,6,2.75
H01J,7,2.6999999999999997
A01K,4,2.5
F02C,5,2.5
F04C,3,2.5
H02S,7,2.5
G01K,7,2.45
B65G,5,2.3333333333333335
G07D,3,2.25
B29L,6,2.083333333333333
A01G,4,2.033333333333333
G01F,4,2.0
C07D,2,2.0
H04H,5,2.0
B60H,4,2.0
B05B,2,2.0
G16C,5,2.0
G11C,5,2.0
F24F,4,2.0
B63C,4,1.95
F42C,6,1.9333333333333333
F16D,5,1.9
F41F,7,1.8333333333333335
G21F,5,1.8333333333333333
F04B,3,1.8333333333333333
G03H,5,1.7833333333333332
F24H,3,1.75
G07F,6,1.75
A61F,5,1.75
B60C,5,1.5833333333333333
B08B,4,1.5333333333333332
C01G,2,1.5
A61G,3,1.5
C08F,2,1.5
H03G,3,1.5
G05G,2,1.5
B63H,3,1.5
G04C,2,1.5
F25B,4,1.5
B63J,3,1.5
G04G,4,1.4166666666666665
C08L,4,1.4166666666666665
G09F,4,1.3666666666666667
B07C,2,1.3333333333333333
C09K,3,1.3333333333333333
B01J,3,1.3333333333333333
C09D,4,1.3333333333333333
B81B,3,1.3333333333333333
F16M,2,1.3333333333333333
F41C,3,1.3333333333333333
H03L,3,1.3333333333333333
B65D,3,1.3333333333333333
A61H,4,1.25
F02M,3,1.25
F04D,2,1.25
B21B,2,1.25
G16Y,5,1.2333333333333334
E05F,3,1.2
B42D,3,1.1666666666666665
F28D,3,1.1666666666666665
B60N,3,1.1666666666666665
B62K,3,1.1666666666666665
H04J,3,1.1666666666666665
B29K,3,1.0833333333333333
H01C,3,1.0833333333333333
G09G,4,1.0333333333333332
A01D,1,1.0
B25B,1,1.0
H01H,1,1.0
F21V,4,1.0
G09C,1,1.0
B21F,1,1.0
F02D,1,1.0
E06B,1,1.0
F02K,2,1.0
B81C,2,1.0
A63G,1,1.0
A61L,2,1.0
B05D,1,1.0
C21D,1,1.0
A42B,3,0.8666666666666667
B62J,2,0.8333333333333333
B22D,2,0.8333333333333333
G12B,2,0.8333333333333333
C22C,2,0.8333333333333333
H05H,2,0.8333333333333333
F16L,2,0.8333333333333333
B62H,3,0.7833333333333333
E05D,2,0.75
B62D,3,0.75
G04R,2,0.75
E02D,2,0.7
G21K,2,0.6666666666666666
C09C,2,0.6666666666666666
C08K,2,0.6666666666666666
G04B,2,0.6666666666666666
F41J,2,0.6666666666666666
H10K,2,0.6666666666666666
G21G,2,0.6666666666666666
G01G,3,0.6166666666666667
E05B,2,0.5833333333333333
F22B,2,0.5833333333333333
C08J,2,0.5833333333333333
B82Y,2,0.5833333333333333
B24B,2,0.5833333333333333
G03F,1,0.5
F25D,1,0.5
G10H,1,0.5
B01F,1,0.5
B04C,1,0.5
G04F,1,0.5
G05F,1,0.5
B60K,1,0.5
B60Q,1,0.5
B60T,1,0.5
B62B,1,0.5
B60S,1,0.5
C08G,1,0.5
B29B,2,0.5
F02B,1,0.5
E02F,1,0.5
C12M,1,0.5
A63B,1,0.5
A62D,1,0.5
A47F,1,0.5
A47L,1,0.5
C09J,1,0.5
H05F,1,0.5
E01F,1,0.5
F01M,1,0.5
F01B,1,0.5
A61M,1,0.5
A63F,1,0.5
F03H,1,0.5
F03B,1,0.5
A63J,2,0.45
F21K,2,0.41666666666666663
F21Y,2,0.3666666666666667
F16P,1,0.3333333333333333
B30B,1,0.3333333333333333
F28F,1,0.3333333333333333
F28B,1,0.3333333333333333
B23P,1,0.3333333333333333
B43K,1,0.3333333333333333
E04H,1,0.3333333333333333
H04S,1,0.3333333333333333
E04B,1,0.3333333333333333
C21B,1,0.3333333333333333
F01P,1,0.3333333333333333
A45C,1,0.3333333333333333
B62L,1,0.3333333333333333
C04B,1,0.3333333333333333
B29D,1,0.3333333333333333
B60P,1,0.3333333333333333
F01D,1,0.25
E05C,1,0.25
A47K,1,0.25
C22F,1,0.25
C23G,1,0.25
E02B,1,0.25
C01F,1,0.25
B60M,1,0.25
F21W,1,0.25
B66D,1,0.25
B41M,1,0.25
G07G,1,0.25
A01M,1,0.25
F41B,1,0.2
