period,ipc_subclass,weight,share_pct
2014-2018,A01K,1.1666666666666667,0.1928374655647383
2014-2018,A47F,0.5,0.08264462809917356
2014-2018,A47L,0.5,0.08264462809917356
2014-2018,A61B,1.8333333333333333,0.30303030303030304
2014-2018,A61F,0.5,0.08264462809917356
2014-2018,A61H,0.3333333333333333,0.055096418732782364
2014-2018,A61L,0.5,0.08264462809917356
2014-2018,A61N,1.5833333333333333,0.26170798898071623
2014-2018,A62C,1.7,0.28099173553719003
2014-2018,A63J,0.25,0.04132231404958678
2014-2018,B01D,1.0,0.1652892561983471
2014-2018,B04C,0.5,0.08264462809917356
2014-2018,B06B,0.8333333333333333,0.1377410468319559
2014-2018,B22F,4.5,0.743801652892562
2014-2018,B23K,1.5,0.24793388429752067
2014-2018,B25B,1.0,0.1652892561983471
2014-2018,B25J,1.0,0.1652892561983471
2014-2018,B29B,0.25,0.04132231404958678
2014-2018,B29C,3.75,0.6198347107438017
2014-2018,B32B,1.0,0.1652892561983471
2014-2018,B33Y,1.0,0.1652892561983471
2014-2018,B43K,0.3333333333333333,0.055096418732782364
2014-2018,B60H,0.5,0.08264462809917356
2014-2018,B60L,0.25,0.04132231404958678
2014-2018,B60M,0.25,0.04132231404958678
2014-2018,B60Q,0.5,0.08264462809917356
2014-2018,B60R,2.083333333333333,0.3443526170798898
2014-2018,B60W,1.75,0.2892561983471074
2014-2018,B62D,0.25,0.04132231404958678
2014-2018,B63B,1.5,0.24793388429752067
2014-2018,B63C,0.25,0.04132231404958678
2014-2018,B63H,1.5,0.24793388429752067
2014-2018,B63J,1.5,0.24793388429752067
2014-2018,B64C,7.183333333333334,1.1873278236914602
2014-2018,B64D,9.1,1.5041322314049586
2014-2018,B64F,1.3333333333333333,0.22038567493112945
2014-2018,B64G,0.5,0.08264462809917356
2014-2018,B64U,7.666666666666667,1.2672176308539946
2014-2018,B65D,1.0,0.1652892561983471
2014-2018,B65H,1.5,0.24793388429752067
2014-2018,C01B,1.0,0.1652892561983471
2014-2018,C03B,1.0,0.1652892561983471
2014-2018,C03C,0.5,0.08264462809917356
2014-2018,C09D,0.3333333333333333,0.055096418732782364
2014-2018,C09K,0.5,0.08264462809917356
2014-2018,E01F,0.5,0.08264462809917356
2014-2018,E02D,0.5,0.08264462809917356
2014-2018,E06B,1.0,0.1652892561983471
2014-2018,F01B,0.5,0.08264462809917356
2014-2018,F01D,0.25,0.04132231404958678
2014-2018,F02C,2.5,0.4132231404958678
2014-2018,F02D,1.0,0.1652892561983471
2014-2018,F02M,1.0,0.1652892561983471
2014-2018,F03D,0.5,0.08264462809917356
2014-2018,F04B,1.3333333333333333,0.22038567493112945
2014-2018,F04D,0.25,0.04132231404958678
2014-2018,F16B,2.0,0.3305785123966942
2014-2018,F16D,1.0,0.1652892561983471
2014-2018,F16H,1.8333333333333333,0.30303030303030304
2014-2018,F16K,1.5,0.24793388429752067
2014-2018,F16M,1.0,0.1652892561983471
2014-2018,F17C,0.5,0.08264462809917356
2014-2018,F21V,0.25,0.04132231404958678
2014-2018,F24F,1.5,0.24793388429752067
2014-2018,F24H,0.5,0.08264462809917356
2014-2018,F28B,0.3333333333333333,0.055096418732782364
2014-2018,F28D,0.3333333333333333,0.055096418732782364
2014-2018,F41B,0.2,0.03305785123966942
2014-2018,F41G,7.0,1.1570247933884297
2014-2018,F41H,0.95,0.15702479338842976
2014-2018,F41J,0.3333333333333333,0.055096418732782364
2014-2018,F42B,0.3333333333333333,0.055096418732782364
2014-2018,G01B,2.6666666666666665,0.4407713498622589
2014-2018,G01C,2.583333333333333,0.4269972451790633
2014-2018,G01D,1.2,0.19834710743801653
2014-2018,G01F,0.5,0.08264462809917356
2014-2018,G01H,2.0833333333333335,0.34435261707988984
2014-2018,G01J,4.5,0.743801652892562
2014-2018,G01K,0.2,0.03305785123966942
2014-2018,G01L,3.666666666666667,0.6060606060606062
2014-2018,G01M,3.283333333333333,0.5426997245179063
2014-2018,G01N,9.4,1.5537190082644627
2014-2018,G01P,0.8333333333333333,0.1377410468319559
2014-2018,G01R,3.833333333333333,0.6336088154269972
2014-2018,G01S,41.43333333333333,6.848484848484848
2014-2018,G01T,1.5,0.24793388429752067
2014-2018,G01V,1.0,0.1652892561983471
2014-2018,G01W,1.25,0.2066115702479339
2014-2018,G02B,38.56666666666666,6.3746556473829195
2014-2018,G03B,1.5833333333333333,0.26170798898071623
2014-2018,G03H,1.0833333333333333,0.1790633608815427
2014-2018,G04C,0.5,0.08264462809917356
2014-2018,G04G,0.5,0.08264462809917356
2014-2018,G04R,0.5,0.08264462809917356
2014-2018,G05B,2.8333333333333335,0.46831955922865015
2014-2018,G05D,5.45,0.9008264462809917
2014-2018,G05F,0.5,0.08264462809917356
2014-2018,G06F,41.766666666666666,6.90358126721763
2014-2018,G06K,3.95,0.6528925619834711
2014-2018,G06N,9.583333333333332,1.5840220385674928
2014-2018,G06Q,17.983333333333334,2.9724517906336088
2014-2018,G06T,25.9,4.2809917355371905
2014-2018,G06V,4.0,0.6611570247933884
2014-2018,G07C,0.5,0.08264462809917356
2014-2018,G08B,4.333333333333333,0.7162534435261708
2014-2018,G08C,1.6666666666666665,0.2754820936639118
2014-2018,G08G,3.5,0.5785123966942148
2014-2018,G09B,4.166666666666666,0.6887052341597796
2014-2018,G09F,0.5,0.08264462809917356
2014-2018,G10L,0.8333333333333333,0.1377410468319559
2014-2018,G11B,1.6666666666666665,0.2754820936639118
2014-2018,G16H,0.5,0.08264462809917356
2014-2018,G21C,7.083333333333333,1.1707988980716253
2014-2018,G21D,3.5,0.5785123966942148
2014-2018,H01B,3.5,0.5785123966942148
2014-2018,H01C,0.5,0.08264462809917356
2014-2018,H01F,0.5,0.08264462809917356
2014-2018,H01G,0.5,0.08264462809917356
2014-2018,H01J,0.5,0.08264462809917356
2014-2018,H01L,1.5,0.24793388429752067
2014-2018,H01M,3.833333333333333,0.6336088154269972
2014-2018,H01P,2.333333333333333,0.38567493112947654
2014-2018,H01Q,15.5,2.56198347107438
2014-2018,H01R,3.5,0.5785123966942148
2014-2018,H01S,0.6666666666666666,0.11019283746556473
2014-2018,H02G,0.75,0.12396694214876033
2014-2018,H02H,0.5,0.08264462809917356
2014-2018,H02J,2.0833333333333335,0.34435261707988984
2014-2018,H02K,14.833333333333334,2.4517906336088156
2014-2018,H02M,2.0,0.3305785123966942
2014-2018,H02N,2.3333333333333335,0.3856749311294766
2014-2018,H02P,2.0,0.3305785123966942
2014-2018,H03B,1.0,0.1652892561983471
2014-2018,H03F,3.5,0.5785123966942148
2014-2018,H03H,2.0,0.3305785123966942
2014-2018,H03K,1.5,0.24793388429752067
2014-2018,H03M,1.0,0.1652892561983471
2014-2018,H04B,5.333333333333333,0.8815426997245178
2014-2018,H04H,0.5,0.08264462809917356
2014-2018,H04L,19.666666666666668,3.25068870523416
2014-2018,H04M,2.0,0.3305785123966942
2014-2018,H04N,55.666666666666664,9.201101928374655
2014-2018,H04Q,0.7,0.11570247933884296
2014-2018,H04R,48.833333333333336,8.071625344352618
2014-2018,H04W,11.033333333333333,1.8236914600550964
2014-2018,H05B,2.0,0.3305785123966942
2014-2018,H05K,2.6666666666666665,0.4407713498622589
2014-2018,H10D,10.333333333333334,1.7079889807162536
2014-2018,H10H,4.833333333333333,0.7988980716253443
2014-2018,H10N,2.833333333333333,0.46831955922865004
2014-2018,H10P,6.833333333333333,1.1294765840220384
2014-2018,H10W,6.166666666666667,1.019283746556474
2019-2024,A01G,2.033333333333333,0.10202374979093494
2019-2024,A01K,0.3333333333333333,0.016725204883759826
2019-2024,A01M,0.25,0.012543903662819869
2019-2024,A42B,0.2,0.010035122930255895
2019-2024,A61B,10.95,0.5494229804315102
2019-2024,A61F,0.6666666666666666,0.03345040976751965
2019-2024,A61G,1.0,0.050175614651279475
2019-2024,A61H,0.6666666666666666,0.03345040976751965
2019-2024,A61N,8.0,0.4014049172102358
2019-2024,A62C,6.666666666666667,0.33450409767519657
2019-2024,A62D,0.5,0.025087807325639738
2019-2024,A63B,0.5,0.025087807325639738
2019-2024,A63J,0.2,0.010035122930255895
2019-2024,B01D,2.6666666666666665,0.1338016390700786
2019-2024,B01F,0.5,0.025087807325639738
2019-2024,B01J,0.5,0.025087807325639738
2019-2024,B05B,2.0,0.10035122930255895
2019-2024,B05D,1.0,0.050175614651279475
2019-2024,B06B,0.6666666666666666,0.03345040976751965
2019-2024,B07C,1.3333333333333333,0.0669008195350393
2019-2024,B08B,1.5333333333333332,0.0769359424652952
2019-2024,B21B,0.25,0.012543903662819869
2019-2024,B21D,1.0,0.050175614651279475
2019-2024,B22D,0.3333333333333333,0.016725204883759826
2019-2024,B22F,1.3333333333333333,0.0669008195350393
2019-2024,B23K,1.75,0.08780732563973909
2019-2024,B23P,0.3333333333333333,0.016725204883759826
2019-2024,B24B,0.5833333333333333,0.02926910854657969
2019-2024,B25J,9.7,0.4867034621174109
2019-2024,B29B,0.25,0.012543903662819869
2019-2024,B29C,6.25,0.3135975915704967
2019-2024,B29K,1.0833333333333333,0.05435691587221943
2019-2024,B29L,1.25,0.06271951831409935
2019-2024,B30B,0.3333333333333333,0.016725204883759826
2019-2024,B32B,2.083333333333333,0.1045325305234989
2019-2024,B33Y,2.0,0.10035122930255895
2019-2024,B60H,1.5,0.07526342197691922
2019-2024,B60L,3.783333333333333,0.189831075430674
2019-2024,B60N,1.1666666666666665,0.05853821709315938
2019-2024,B60R,3.7333333333333334,0.18732229469811007
2019-2024,B60S,0.5,0.025087807325639738
2019-2024,B60T,0.5,0.025087807325639738
2019-2024,B60W,13.433333333333334,0.674025756815521
2019-2024,B63B,2.2,0.11038635223281487
2019-2024,B63C,0.2,0.010035122930255895
2019-2024,B64C,24.94404761904762,1.2515829211764986
2019-2024,B64D,17.608333333333334,0.8835089479846129
2019-2024,B64F,5.803571428571429,0.29119776360117555
2019-2024,B64G,10.0,0.5017561465127948
2019-2024,B64U,31.19642857142857,1.5652999784961652
2019-2024,B65D,0.3333333333333333,0.016725204883759826
2019-2024,B65G,2.0,0.10035122930255895
2019-2024,B65H,0.25,0.012543903662819869
2019-2024,B66C,3.0,0.15052684395383845
2019-2024,B66D,0.25,0.012543903662819869
2019-2024,B81B,0.5,0.025087807325639738
2019-2024,B82Y,0.3333333333333333,0.016725204883759826
2019-2024,C01B,1.5833333333333333,0.07944472319785917
2019-2024,C01F,0.25,0.012543903662819869
2019-2024,C01G,0.5,0.025087807325639738
2019-2024,C03B,7.0,0.35122930255895635
2019-2024,C03C,3.0,0.15052684395383845
2019-2024,C04B,0.3333333333333333,0.016725204883759826
2019-2024,C08J,0.25,0.012543903662819869
2019-2024,C08L,0.5833333333333333,0.02926910854657969
2019-2024,C09C,0.6666666666666666,0.03345040976751965
2019-2024,C09D,0.6666666666666666,0.03345040976751965
2019-2024,C09J,0.5,0.025087807325639738
2019-2024,C09K,0.8333333333333333,0.041813012209399564
2019-2024,C12M,0.5,0.025087807325639738
2019-2024,C21B,0.3333333333333333,0.016725204883759826
2019-2024,C22C,0.8333333333333333,0.041813012209399564
2019-2024,C22F,0.25,0.012543903662819869
2019-2024,C23C,7.833333333333333,0.3930423147683559
2019-2024,C23G,0.25,0.012543903662819869
2019-2024,C30B,4.666666666666666,0.23415286837263752
2019-2024,E02D,0.2,0.010035122930255895
2019-2024,E02F,0.5,0.025087807325639738
2019-2024,E04B,0.3333333333333333,0.016725204883759826
2019-2024,E04H,0.3333333333333333,0.016725204883759826
2019-2024,E05C,0.25,0.012543903662819869
2019-2024,E05D,0.75,0.03763171098845961
2019-2024,E05F,0.7,0.035122930255895635
2019-2024,F01M,0.5,0.025087807325639738
2019-2024,F01P,0.3333333333333333,0.016725204883759826
2019-2024,F02K,1.0,0.050175614651279475
2019-2024,F02M,0.25,0.012543903662819869
2019-2024,F03B,0.5,0.025087807325639738
2019-2024,F03D,1.776190476190476,0.08912144888060593
2019-2024,F03H,0.5,0.025087807325639738
2019-2024,F04B,0.5,0.025087807325639738
2019-2024,F04C,2.5,0.1254390366281987
2019-2024,F04D,1.0,0.050175614651279475
2019-2024,F16B,3.0,0.15052684395383845
2019-2024,F16C,1.5833333333333333,0.07944472319785917
2019-2024,F16D,0.9,0.04515805318615153
2019-2024,F16F,4.5,0.22579026593075763
2019-2024,F16H,5.733333333333333,0.287673524000669
2019-2024,F16K,1.5833333333333333,0.07944472319785917
2019-2024,F16L,0.8333333333333333,0.041813012209399564
2019-2024,F17C,10.2,0.5117912694430506
2019-2024,F21K,0.41666666666666663,0.020906506104699782
2019-2024,F21V,0.41666666666666663,0.020906506104699782
2019-2024,F21W,0.25,0.012543903662819869
2019-2024,F21Y,0.3666666666666667,0.01839772537213581
2019-2024,F22B,0.5833333333333333,0.02926910854657969
2019-2024,F24F,0.5,0.025087807325639738
2019-2024,F24H,1.0,0.050175614651279475
2019-2024,F25B,1.5,0.07526342197691922
2019-2024,F25D,0.5,0.025087807325639738
2019-2024,F25J,14.5,0.7275464124435524
2019-2024,F28D,0.8333333333333333,0.041813012209399564
2019-2024,F28F,0.3333333333333333,0.016725204883759826
2019-2024,F41A,4.176190476190476,0.20954292404367666
2019-2024,F41C,0.5,0.025087807325639738
2019-2024,F41F,0.9,0.04515805318615153
2019-2024,F41G,9.683333333333334,0.48586720187322296
2019-2024,F41H,6.116666666666666,0.3069075096169928
2019-2024,F42B,2.1166666666666667,0.1062050510118749
2019-2024,F42C,1.3333333333333333,0.0669008195350393
2019-2024,G01B,5.683333333333334,0.28516474326810504
2019-2024,G01C,14.75,0.7400903161063722
2019-2024,G01D,2.552380952380952,0.12806728310993237
2019-2024,G01F,1.5,0.07526342197691922
2019-2024,G01G,0.41666666666666663,0.020906506104699782
2019-2024,G01H,2.611904761904762,0.13105392683917522
2019-2024,G01J,14.25952380952381,0.7154803717774114
2019-2024,G01K,2.25,0.11289513296537881
2019-2024,G01L,2.6999999999999997,0.13547415955845457
2019-2024,G01M,9.042857142857143,0.4537309153465702
2019-2024,G01N,23.276190476190475,1.1678971638831146
2019-2024,G01P,3.033333333333333,0.1521993644422144
2019-2024,G01R,17.402380952380952,0.8731751606814325
2019-2024,G01S,124.30952380952381,6.237306764150718
2019-2024,G01T,1.5,0.07526342197691922
2019-2024,G01V,2.9166666666666665,0.14634554273289846
2019-2024,G01W,4.166666666666666,0.2090650610469978
2019-2024,G02B,38.80952380952381,1.9472917114663226
2019-2024,G02F,1.0,0.050175614651279475
2019-2024,G03B,9.60952380952381,0.4821637636489618
2019-2024,G03H,0.7,0.035122930255895635
2019-2024,G04F,0.5,0.025087807325639738
2019-2024,G04G,0.25,0.012543903662819869
2019-2024,G04R,0.25,0.012543903662819869
2019-2024,G05B,11.676190476190476,0.5858600339282727
2019-2024,G05D,21.367857142857144,1.0721453659235898
2019-2024,G06F,142.2488095238095,7.137421451269921
2019-2024,G06K,8.667857142857143,0.4349150598523403
2019-2024,G06N,218.5095238095238,10.963849664301245
2019-2024,G06Q,54.385714285714286,2.7288366425345854
2019-2024,G06T,175.57619047619048,8.809643275272979
2019-2024,G06V,72.16666666666667,3.6210068573340024
2019-2024,G07C,1.4,0.07024586051179127
2019-2024,G07F,0.5833333333333333,0.02926910854657969
2019-2024,G07G,0.25,0.012543903662819869
2019-2024,G08B,13.8,0.6924234821876568
2019-2024,G08C,1.9833333333333334,0.09951496905837097
2019-2024,G08G,9.63452380952381,0.48341815401524385
2019-2024,G09B,7.3428571428571425,0.36843237043939503
2019-2024,G09F,0.8666666666666667,0.043485532697775546
2019-2024,G09G,1.0333333333333332,0.05184813513965546
2019-2024,G10H,0.5,0.025087807325639738
2019-2024,G10K,1.0333333333333332,0.05184813513965546
2019-2024,G10L,15.4,0.772704465629704
2019-2024,G11B,0.25,0.012543903662819869
2019-2024,G11C,1.5,0.07526342197691922
2019-2024,G16C,0.8333333333333333,0.041813012209399564
2019-2024,G16H,2.5,0.1254390366281987
2019-2024,G16Y,1.2333333333333334,0.061883258069911365
2019-2024,G21C,5.833333333333333,0.2926910854657969
2019-2024,G21D,4.333333333333333,0.2174276634888777
2019-2024,G21F,1.8333333333333333,0.09198862686067905
2019-2024,G21G,0.6666666666666666,0.03345040976751965
2019-2024,G21K,0.6666666666666666,0.03345040976751965
2019-2024,H01B,4.583333333333333,0.22997156715169761
2019-2024,H01C,0.25,0.012543903662819869
2019-2024,H01F,2.1666666666666665,0.10871383174443885
2019-2024,H01G,6.0,0.3010536879076769
2019-2024,H01J,1.3666666666666667,0.0685733400234153
2019-2024,H01L,0.5,0.025087807325639738
2019-2024,H01M,39.31666666666666,1.9727379160394714
2019-2024,H01P,16.0,0.8028098344204716
2019-2024,H01Q,51.11666666666667,2.5648101689245695
2019-2024,H01R,37.03333333333333,1.8581702625857166
2019-2024,H01S,14.416666666666666,0.7233651112226125
2019-2024,H02G,1.8333333333333333,0.09198862686067905
2019-2024,H02H,0.75,0.03763171098845961
2019-2024,H02J,1.95,0.09784244856999498
2019-2024,H02K,17.833333333333332,0.8947984612811506
2019-2024,H02M,2.75,0.13798294029101857
2019-2024,H02P,2.1666666666666665,0.10871383174443885
2019-2024,H02S,2.0,0.10035122930255895
2019-2024,H03B,2.333333333333333,0.11707643418631876
2019-2024,H03F,8.566666666666666,0.42983776551262753
2019-2024,H03G,1.5,0.07526342197691922
2019-2024,H03H,2.7,0.1354741595584546
2019-2024,H03K,1.0,0.050175614651279475
2019-2024,H03L,1.3333333333333333,0.0669008195350393
2019-2024,H03M,1.8333333333333333,0.09198862686067905
2019-2024,H04B,9.083333333333334,0.45576183308245527
2019-2024,H04J,1.1666666666666665,0.05853821709315938
2019-2024,H04K,3.8666666666666667,0.19401237665161397
2019-2024,H04L,26.29285714285714,1.319260268081141
2019-2024,H04M,0.5833333333333333,0.02926910854657969
2019-2024,H04N,64.28333333333333,3.225455761833082
2019-2024,H04R,69.86666666666666,3.5056029436360587
2019-2024,H04S,0.3333333333333333,0.016725204883759826
2019-2024,H04W,13.802380952380952,0.6925429479368265
2019-2024,H05B,5.166666666666666,0.25924067569827725
2019-2024,H05H,0.8333333333333333,0.041813012209399564
2019-2024,H05K,13.616666666666667,0.6832246195015889
2019-2024,H10B,3.5166666666666666,0.17645091152366615
2019-2024,H10D,49.15,2.466131460110386
2019-2024,H10F,4.666666666666666,0.23415286837263752
2019-2024,H10H,70.7,3.547415955845459
2019-2024,H10K,0.3333333333333333,0.016725204883759826
2019-2024,H10N,13.333333333333332,0.669008195350393
2019-2024,H10P,28.916666666666668,1.450911523666165
2019-2024,H10W,19.566666666666666,0.9817695266767018
