field_official,ipc_subclass,share,companies,equal_company_share_pct
기타,A01G,0.026570048309178744,12,0.22141706924315618
기타,A42B,0.010028169014084508,12,0.0835680751173709
기타,A45C,0.003333333333333333,12,0.027777777777777776
기타,A47F,0.006024096385542169,12,0.05020080321285141
기타,A61B,0.126056338028169,12,1.0504694835680752
기타,A61N,0.028169014084507043,12,0.23474178403755872
기타,A62C,0.1176328502415459,12,0.9802737520128826
기타,A62D,0.007246376811594203,12,0.06038647342995169
기타,B01D,0.09090909090909091,12,0.7575757575757577
기타,B01F,0.007246376811594203,12,0.06038647342995169
기타,B01J,0.011737089201877934,12,0.0978090766823161
기타,B06B,0.015258215962441313,12,0.12715179968701093
기타,B07C,0.1111111111111111,12,0.9259259259259259
기타,B08B,0.015333333333333332,12,0.12777777777777777
기타,B21D,0.09090909090909091,12,0.7575757575757577
기타,B22D,0.045454545454545456,12,0.37878787878787884
기타,B23K,0.18181818181818182,12,1.5151515151515154
기타,B25J,0.02108433734939759,12,0.1757028112449799
기타,B32B,0.007246376811594203,12,0.06038647342995169
기타,B60R,0.003333333333333333,12,0.027777777777777776
기타,B60W,0.015,12,0.125
기타,B63B,0.027777777777777776,12,0.23148148148148148
기타,B63H,0.13636363636363635,12,1.1363636363636362
기타,B63J,0.13636363636363635,12,1.1363636363636362
기타,B64C,0.050119658119658114,12,0.4176638176638176
기타,B64D,0.013157894736842105,12,0.10964912280701754
기타,B64U,0.04656140350877193,12,0.38801169590643275
기타,B65D,0.004830917874396135,12,0.040257648953301126
기타,B66D,0.027777777777777776,12,0.23148148148148148
기타,B82Y,0.008215962441314553,12,0.06846635367762127
기타,C01B,0.007042253521126761,12,0.05868544600938968
기타,C01G,0.014084507042253521,12,0.11737089201877936
기타,C07D,0.028169014084507043,12,0.23474178403755872
기타,C08F,0.02112676056338028,12,0.176056338028169
기타,C08G,0.007042253521126761,12,0.05868544600938968
기타,C08J,0.004694835680751174,12,0.03912363067292645
기타,C08K,0.008028169014084506,12,0.06690140845070422
기타,C08L,0.011737089201877934,12,0.0978090766823161
기타,C09D,0.003333333333333333,12,0.027777777777777776
기타,C21D,0.09090909090909091,12,0.7575757575757577
기타,C23C,0.02112676056338028,12,0.176056338028169
기타,C30B,0.06572769953051642,12,0.5477308294209702
기타,E02D,0.008,12,0.06666666666666667
기타,E04B,0.004830917874396135,12,0.040257648953301126
기타,E04H,0.004830917874396135,12,0.040257648953301126
기타,E05D,0.005,12,0.041666666666666664
기타,E05F,0.005,12,0.041666666666666664
기타,E06B,0.014492753623188406,12,0.12077294685990338
기타,F01B,0.007246376811594203,12,0.06038647342995169
기타,F01D,0.022727272727272728,12,0.18939393939393942
기타,F02B,0.045454545454545456,12,0.37878787878787884
기타,F02C,0.22727272727272727,12,1.8939393939393938
기타,F02F,0.2727272727272727,12,2.2727272727272725
기타,F02M,0.09090909090909091,12,0.7575757575757577
기타,F03B,0.007246376811594203,12,0.06038647342995169
기타,F04B,0.01932367149758454,12,0.1610305958132045
기타,F04D,0.022727272727272728,12,0.18939393939393942
기타,F16B,0.003333333333333333,12,0.027777777777777776
기타,F16C,0.36363636363636365,12,3.0303030303030307
기타,F16H,0.1111111111111111,12,0.9259259259259259
기타,F16K,0.04106280193236715,12,0.3421900161030596
기타,F16M,0.11444444444444443,12,0.9537037037037036
기타,F17C,0.014492753623188406,12,0.12077294685990338
기타,F21K,0.027777777777777776,12,0.23148148148148148
기타,F21V,0.0036231884057971015,12,0.030193236714975844
기타,F21W,0.0036231884057971015,12,0.030193236714975844
기타,F22B,0.007028112449799196,12,0.058567603748326626
기타,F24F,0.13636363636363635,12,1.1363636363636362
기타,F28B,0.004830917874396135,12,0.040257648953301126
기타,F28D,0.004830917874396135,12,0.040257648953301126
기타,F41A,0.0806060606060606,12,0.6717171717171717
기타,F41C,0.013333333333333332,12,0.1111111111111111
기타,F41G,0.2319122807017544,12,1.9326023391812868
기타,F41H,0.010333333333333332,12,0.0861111111111111
기타,F42B,0.008771929824561403,12,0.07309941520467836
기타,G01B,0.2257632850241546,12,1.8813607085346218
기타,G01C,0.07760304375396322,12,0.6466920312830269
기타,G01D,0.05606280193236715,12,0.4671900161030596
기타,G01F,0.007246376811594203,12,0.06038647342995169
기타,G01H,0.061587678682536985,12,0.5132306556878082
기타,G01J,0.09575117370892018,12,0.7979264475743348
기타,G01K,0.002898550724637681,12,0.024154589371980676
기타,G01L,0.004694835680751174,12,0.03912363067292645
기타,G01M,0.09195432586736935,12,0.7662860488947446
기타,G01N,0.6927482293850941,12,5.7729019115424505
기타,G01P,0.036264475743348984,12,0.3022039645279082
기타,G01R,0.4284554340457264,12,3.5704619503810533
기타,G01S,0.9392085942370536,12,7.826738285308781
기타,G01T,0.02643396611553378,12,0.22028305096278147
기타,G01V,0.016873171395522895,12,0.14060976162935745
기타,G01W,0.006666666666666666,12,0.05555555555555555
기타,G02B,0.3334428673889457,12,2.7786905615745474
기타,G02F,0.02112676056338028,12,0.176056338028169
기타,G03B,0.06395652173913043,12,0.5329710144927535
기타,G04B,0.009389671361502348,12,0.0782472613458529
기타,G04C,0.02112676056338028,12,0.176056338028169
기타,G04F,0.013157894736842105,12,0.10964912280701754
기타,G04G,0.05938967136150235,12,0.4949139280125196
기타,G04R,0.05,12,0.4166666666666667
기타,G05B,0.010757314974182444,12,0.08964429145152036
기타,G05D,0.07210796221322538,12,0.6008996851102115
기타,G06F,0.4433855874973733,12,3.6948798958114444
기타,G06K,0.04667670682730924,12,0.3889725568942437
기타,G06N,0.2360168588545253,12,1.9668071571210444
기타,G06Q,0.5075149269350974,12,4.229291057792478
기타,G06T,0.4458762685211639,12,3.7156355710096993
기타,G06V,0.07477309236947792,12,0.6231091030789827
기타,G08B,0.19141631974120737,12,1.5951359978433948
기타,G08C,0.0646161998473584,12,0.53846833206132
기타,G08G,0.035380116959064324,12,0.2948343079922027
기타,G09B,0.23028477546549836,12,1.9190397955458198
기타,G10K,0.0035211267605633804,12,0.02934272300469484
기타,G10L,0.010441767068273093,12,0.08701472556894245
기타,G12B,0.003333333333333333,12,0.027777777777777776
기타,G16Y,0.008,12,0.06666666666666667
기타,G21C,0.1002415458937198,12,0.8353462157809983
기타,G21D,0.11352657004830917,12,0.9460547504025764
기타,G21F,0.026570048309178744,12,0.22141706924315618
기타,G21G,0.00966183574879227,12,0.08051529790660225
기타,G21K,0.00966183574879227,12,0.08051529790660225
기타,H01B,0.014084507042253521,12,0.11737089201877936
기타,H01F,0.004694835680751174,12,0.03912363067292645
기타,H01G,0.2777777777777778,12,2.314814814814815
기타,H01J,0.006999999999999999,12,0.05833333333333333
기타,H01L,0.03098591549295775,12,0.25821596244131456
기타,H01M,0.09004830917874396,12,0.7504025764895329
기타,H01Q,0.23481781376518218,12,1.9568151147098514
기타,H01R,0.05131578947368421,12,0.4276315789473684
기타,H02J,0.016389671361502347,12,0.13658059467918623
기타,H02K,0.12335748792270532,12,1.0279790660225443
기타,H02N,0.056338028169014086,12,0.46948356807511743
기타,H02S,0.03333333333333333,12,0.2777777777777778
기타,H03F,0.03555555555555555,12,0.2962962962962962
기타,H03H,0.004694835680751174,12,0.03912363067292645
기타,H03M,0.005,12,0.041666666666666664
기타,H04B,0.29777714419671425,12,2.4814762016392855
기타,H04J,0.04723346828609987,12,0.3936122357174989
기타,H04K,0.008771929824561403,12,0.07309941520467836
기타,H04L,0.04576753127799418,12,0.38139609398328483
기타,H04M,0.13634538152610443,12,1.136211512717537
기타,H04N,0.1867376462371224,12,1.55614705197602
기타,H04Q,0.025120772946859903,12,0.20933977455716588
기타,H04R,0.06032863849765258,12,0.5027386541471048
기타,H04W,0.23663003663003662,12,1.9719169719169718
기타,H05K,0.15958937198067633,12,1.3299114331723028
기타,H10N,0.18901408450704224,12,1.5751173708920188
기타,H10P,0.02112676056338028,12,0.176056338028169
드론,A01G,0.022222222222222223,20,0.11111111111111112
드론,A01K,0.05865800865800866,20,0.29329004329004327
드론,A61B,0.030824268324268326,20,0.15412134162134164
드론,A61F,0.03333333333333333,20,0.16666666666666669
드론,A61G,0.05756578947368421,20,0.2878289473684211
드론,A61N,0.0038461538461538464,20,0.019230769230769232
드론,A62C,0.009259259259259259,20,0.046296296296296294
드론,A63J,0.011842105263157895,20,0.05921052631578948
드론,B01D,0.06306306306306306,20,0.3153153153153153
드론,B05D,0.015384615384615385,20,0.07692307692307693
드론,B06B,0.009523809523809523,20,0.047619047619047616
드론,B22F,0.0022727272727272726,20,0.011363636363636364
드론,B23K,0.10096153846153846,20,0.5048076923076923
드론,B25B,0.1,20,0.5
드론,B25J,0.04770142949967511,20,0.23850714749837554
드론,B29B,0.0022727272727272726,20,0.011363636363636364
드론,B29C,0.009965034965034966,20,0.04982517482517483
드론,B32B,0.00909090909090909,20,0.045454545454545456
드론,B33Y,0.0022727272727272726,20,0.011363636363636364
드론,B43K,0.00925925925925926,20,0.0462962962962963
드론,B60C,0.046103896103896105,20,0.2305194805194805
드론,B60K,0.03125,20,0.15625
드론,B60L,0.18019086176980914,20,0.9009543088490457
드론,B60M,0.007142857142857143,20,0.03571428571428571
드론,B60W,0.04761904761904762,20,0.23809523809523814
드론,B62H,0.023737373737373738,20,0.11868686868686869
드론,B63B,0.09642857142857142,20,0.4821428571428571
드론,B63C,0.04285714285714286,20,0.21428571428571427
드론,B64C,0.5785207809330616,20,2.8926039046653083
드론,B64D,0.6699586689060373,20,3.349793344530186
드론,B64F,0.27224762404586966,20,1.3612381202293482
드론,B64U,1.1284320441337985,20,5.642160220668993
드론,B65H,0.03571428571428571,20,0.17857142857142855
드론,C01B,0.022442084942084942,20,0.11221042471042471
드론,C01F,0.008928571428571428,20,0.04464285714285714
드론,C01G,0.013888888888888892,20,0.06944444444444445
드론,C03B,0.28205128205128205,20,1.4102564102564101
드론,C03C,0.023076923076923078,20,0.11538461538461539
드론,C08L,0.009009009009009009,20,0.04504504504504504
드론,C09C,0.018018018018018018,20,0.09009009009009009
드론,C09D,0.01826826826826827,20,0.09134134134134134
드론,C23C,0.2619047619047619,20,1.3095238095238098
드론,C30B,0.013888888888888892,20,0.06944444444444445
드론,E02B,0.007142857142857143,20,0.03571428571428571
드론,E02D,0.004545454545454545,20,0.022727272727272728
드론,E05B,0.017676767676767676,20,0.08838383838383837
드론,E05C,0.013888888888888888,20,0.06944444444444445
드론,E05D,0.013888888888888888,20,0.06944444444444445
드론,F01P,0.009009009009009009,20,0.04504504504504504
드론,F03D,0.04322344322344322,20,0.2161172161172161
드론,F04D,0.02702702702702703,20,0.13513513513513514
드론,F16B,0.12154882154882156,20,0.6077441077441078
드론,F16C,0.013157894736842105,20,0.06578947368421052
드론,F16D,0.010526315789473684,20,0.05263157894736842
드론,F16F,0.008974358974358974,20,0.044871794871794865
드론,F16H,0.010526315789473684,20,0.05263157894736842
드론,F16L,0.016543816543816543,20,0.08271908271908271
드론,F16P,0.03333333333333333,20,0.16666666666666669
드론,F17C,0.23513513513513512,20,1.1756756756756757
드론,F21V,0.008974358974358974,20,0.044871794871794865
드론,F21Y,0.022222222222222223,20,0.11111111111111112
드론,F25B,0.04054054054054054,20,0.20270270270270271
드론,F25D,0.013513513513513514,20,0.06756756756756757
드론,F25J,0.4189189189189189,20,2.0945945945945947
드론,F41A,0.009523809523809523,20,0.047619047619047616
드론,F41F,0.02024151287309182,20,0.10120756436545911
드론,F41G,0.0768956043956044,20,0.38447802197802206
드론,F41H,0.14772560772560772,20,0.7386280386280386
드론,F41J,0.03333333333333333,20,0.16666666666666669
드론,F42B,0.12867557880715774,20,0.6433778940357887
드론,F42C,0.07212121212121211,20,0.36060606060606054
드론,G01B,0.03095238095238095,20,0.15476190476190474
드론,G01C,0.23030965171506743,20,1.1515482585753372
드론,G01D,0.04021164021164022,20,0.2010582010582011
드론,G01F,0.02702702702702703,20,0.13513513513513514
드론,G01G,0.0043859649122807015,20,0.021929824561403508
드론,G01H,0.07089947089947089,20,0.3544973544973545
드론,G01J,0.07504409171075838,20,0.3752204585537919
드론,G01K,0.006944444444444446,20,0.034722222222222224
드론,G01L,0.25383597883597886,20,1.2691798941798944
드론,G01M,0.1659327092660426,20,0.8296635463302129
드론,G01N,0.20006607339940674,20,1.0003303669970338
드론,G01P,0.06025641025641026,20,0.30128205128205127
드론,G01R,0.5869729653062986,20,2.934864826531493
드론,G01S,1.0185536393431132,20,5.092768196715566
드론,G01V,0.14186507936507936,20,0.7093253968253969
드론,G02B,0.5968697968697968,20,2.9843489843489843
드론,G02F,0.011904761904761904,20,0.05952380952380952
드론,G03B,0.0611239637555427,20,0.3056198187777135
드론,G03H,0.005263157894736842,20,0.02631578947368421
드론,G05B,0.04814065077222972,20,0.24070325386114858
드론,G05D,0.5117711090079511,20,2.5588555450397554
드론,G05G,0.08333333333333333,20,0.41666666666666663
드론,G06F,0.4690095358916869,20,2.3450476794584345
드론,G06K,0.1926273999328919,20,0.9631369996644595
드론,G06N,0.09933998100664768,20,0.4966999050332384
드론,G06Q,0.398849520891855,20,1.9942476044592747
드론,G06T,0.38566719505315994,20,1.9283359752657998
드론,G06V,0.3368911595227385,20,1.6844557976136927
드론,G07C,0.03367003367003367,20,0.16835016835016833
드론,G07F,0.007575757575757576,20,0.03787878787878788
드론,G08B,0.050865800865800864,20,0.25432900432900435
드론,G08C,0.08432539682539683,20,0.4216269841269842
드론,G08G,0.15600719625319168,20,0.7800359812659583
드론,G09B,0.06402064119455424,20,0.3201032059727712
드론,G09F,0.033535353535353536,20,0.1676767676767677
드론,G09G,0.024444444444444446,20,0.12222222222222223
드론,G10L,0.003623188405797101,20,0.018115942028985504
드론,G16C,0.009523809523809523,20,0.047619047619047616
드론,G16H,0.0015151515151515152,20,0.007575757575757576
드론,G16Y,0.0304951690821256,20,0.152475845410628
드론,H01B,0.15634781884781884,20,0.7817390942390942
드론,H01F,0.02121212121212121,20,0.10606060606060605
드론,H01G,0.11111111111111113,20,0.5555555555555556
드론,H01M,1.5220210470210471,20,7.610105235105236
드론,H01P,0.6675324675324675,20,3.337662337662338
드론,H01Q,0.6514701964701965,20,3.257350982350983
드론,H01R,0.34111111111111114,20,1.7055555555555557
드론,H01S,0.005128205128205128,20,0.02564102564102564
드론,H02G,0.03849483849483849,20,0.19247419247419245
드론,H02H,0.09098679098679098,20,0.4549339549339549
드론,H02J,0.11072631072631074,20,0.5536315536315537
드론,H02K,0.8020833333333334,20,4.010416666666667
드론,H02M,0.09090909090909091,20,0.4545454545454546
드론,H02P,0.03125,20,0.15625
드론,H02S,0.006172839506172839,20,0.030864197530864196
드론,H03F,0.015151515151515152,20,0.07575757575757576
드론,H03H,0.006060606060606061,20,0.030303030303030304
드론,H03K,0.045454545454545456,20,0.2272727272727273
드론,H04B,0.241466906684298,20,1.20733453342149
드론,H04K,0.21666666666666665,20,1.0833333333333333
드론,H04L,0.6969059121233034,20,3.4845295606165174
드론,H04M,0.1636528326745718,20,0.818264163372859
드론,H04N,0.23720004767106218,20,1.186000238355311
드론,H04Q,0.0294314381270903,20,0.1471571906354515
드론,H04R,0.03809523809523809,20,0.19047619047619047
드론,H04W,0.4623753058535667,20,2.3118765292678334
드론,H05B,0.041025641025641026,20,0.20512820512820512
드론,H05K,0.26236171236171235,20,1.3118085618085618
드론,H10B,0.024444444444444446,20,0.12222222222222223
드론,H10D,0.015151515151515152,20,0.07575757575757576
드론,H10H,0.02898989898989899,20,0.14494949494949494
드론,H10K,0.011904761904761904,20,0.05952380952380952
드론,H10N,0.019047619047619046,20,0.09523809523809523
드론,H10P,0.1594201850780798,20,0.7971009253903991
드론,H10W,0.015151515151515152,20,0.07575757575757576
로봇,A01D,0.02127659574468085,9,0.2364066193853428
로봇,A61B,0.15789473684210525,9,1.7543859649122806
로봇,A61F,0.0202020202020202,9,0.22446689113355778
로봇,A61H,0.0202020202020202,9,0.22446689113355778
로봇,B21D,0.03076923076923077,9,0.3418803418803419
로봇,B21F,0.015384615384615385,9,0.17094017094017094
로봇,B22D,0.0024154589371980675,9,0.026838432635534083
로봇,B23P,0.005128205128205128,9,0.056980056980056974
로봇,B24B,0.005128205128205128,9,0.056980056980056974
로봇,B25J,0.05585106382978723,9,0.6205673758865248
로봇,B29C,0.010256410256410256,9,0.11396011396011395
로봇,B29L,0.010256410256410256,9,0.11396011396011395
로봇,B60L,0.026923076923076925,9,0.2991452991452992
로봇,B60P,0.005128205128205128,9,0.056980056980056974
로봇,B60Q,0.022727272727272728,9,0.25252525252525254
로봇,B60R,0.1444358871838301,9,1.6048431909314456
로봇,B60S,0.007692307692307693,9,0.08547008547008547
로봇,B60T,0.007692307692307693,9,0.08547008547008547
로봇,B60W,0.12089087968147318,9,1.343231996460813
로봇,B62B,0.007692307692307693,9,0.08547008547008547
로봇,B62D,0.016682785299806577,9,0.18536428110896197
로봇,B62J,0.01282051282051282,9,0.14245014245014243
로봇,B62K,0.017948717948717947,9,0.1994301994301994
로봇,B62L,0.005128205128205128,9,0.056980056980056974
로봇,B62M,0.05641025641025641,9,0.6267806267806268
로봇,B64C,0.3984385907877228,9,4.42709545319692
로봇,B64D,0.18493453122609135,9,2.0548281247343483
로봇,B64U,0.06392258636504161,9,0.7102509596115735
로봇,B65G,0.005128205128205128,9,0.056980056980056974
로봇,B66C,0.021739130434782608,9,0.24154589371980675
로봇,B81B,0.028368794326241134,9,0.31520882584712373
로봇,B81C,0.02127659574468085,9,0.2364066193853428
로봇,C21B,0.0024154589371980675,9,0.026838432635534083
로봇,E05F,0.02631578947368421,9,0.29239766081871343
로봇,F01M,0.007692307692307693,9,0.08547008547008547
로봇,F04B,0.007692307692307693,9,0.08547008547008547
로봇,F04C,0.038461538461538464,9,0.4273504273504274
로봇,F16C,0.01282051282051282,9,0.14245014245014243
로봇,F16D,0.04479638009049774,9,0.497737556561086
로봇,F16F,0.005128205128205128,9,0.056980056980056974
로봇,F16H,0.19894419306184014,9,2.2104910340204458
로봇,F41A,0.05457875457875458,9,0.6064306064306064
로봇,F41F,0.007692307692307693,9,0.08547008547008547
로봇,F41H,0.0303030303030303,9,0.33670033670033667
로봇,G01B,0.06719573709561193,9,0.7466193010623547
로봇,G01C,0.1521598968407479,9,1.6906655204527545
로봇,G01D,0.05213903743315508,9,0.5793226381461676
로봇,G01J,0.021739130434782608,9,0.24154589371980675
로봇,G01K,0.0070921985815602835,9,0.07880220646178093
로봇,G01L,0.0641711229946524,9,0.71301247771836
로봇,G01M,0.0750406882120437,9,0.8337854245782633
로봇,G01N,0.0070921985815602835,9,0.07880220646178093
로봇,G01P,0.05673758865248227,9,0.6304176516942475
로봇,G01R,0.027300150829562594,9,0.3033350092173622
로봇,G01S,1.2632170588120244,9,14.03574509791138
로봇,G02B,0.18706498815194467,9,2.0784998683549407
로봇,G03B,0.09090909090909091,9,1.0101010101010102
로봇,G05B,0.05609284332688588,9,0.6232538147431765
로봇,G05D,0.6270720619703043,9,6.967467355225604
로봇,G05F,0.022727272727272728,9,0.25252525252525254
로봇,G06F,1.0541268013515932,9,11.712520015017702
로봇,G06K,0.08702408702408702,9,0.9669343002676336
로봇,G06N,0.07522149856245966,9,0.835794428471774
로봇,G06Q,0.21120606446693402,9,2.3467340496326
로봇,G06T,0.2528398148097257,9,2.809331275663619
로봇,G06V,0.07744973053897539,9,0.8605525615441709
로봇,G07C,0.00773460787336828,9,0.08594008748186978
로봇,G08B,0.013614404918752744,9,0.15127116576391939
로봇,G08G,0.01109253065774805,9,0.123250340641645
로봇,G09B,0.03021978021978022,9,0.33577533577533575
로봇,G10L,0.05555555555555555,9,0.6172839506172839
로봇,H01H,0.02127659574468085,9,0.2364066193853428
로봇,H01M,0.030303030303030304,9,0.3367003367003367
로봇,H01P,0.0070921985815602835,9,0.07880220646178093
로봇,H01Q,0.5526315789473684,9,6.140350877192982
로봇,H01R,0.007692307692307693,9,0.08547008547008547
로봇,H01S,0.08635265700483091,9,0.9594739667203434
로봇,H02J,0.030303030303030304,9,0.3367003367003367
로봇,H02K,0.49158782394076506,9,5.462086932675167
로봇,H02M,0.033715220949263505,9,0.37461356610292784
로봇,H02P,0.2006149878490304,9,2.2290554205447823
로봇,H03H,0.0070921985815602835,9,0.07880220646178093
로봇,H03K,0.045454545454545456,9,0.5050505050505051
로봇,H03M,0.044003868471953575,9,0.4889318719105953
로봇,H04B,0.010638297872340425,9,0.1182033096926714
로봇,H04L,0.12843837219415388,9,1.4270930243794875
로봇,H04M,0.0668303327877796,9,0.7425592531975511
로봇,H04N,0.5149190797895701,9,5.721323108773001
로봇,H04Q,0.02127659574468085,9,0.2364066193853428
로봇,H04W,0.010989010989010988,9,0.12210012210012208
로봇,H05K,0.03461538461538462,9,0.38461538461538464
로봇,H10D,0.010638297872340425,9,0.1182033096926714
로봇,H10F,0.006642512077294686,9,0.07380568974771873
로봇,H10W,0.01546921574673656,9,0.17188017496373956
반도체,A47K,0.007352941176470588,9,0.08169934640522875
반도체,A61B,0.3261421527675398,9,3.6238016974171083
반도체,A61F,0.007352941176470588,9,0.08169934640522875
반도체,A61H,0.012643946467475879,9,0.14048829408306532
반도체,A61L,0.015873015873015872,9,0.1763668430335097
반도체,A61M,0.007936507936507936,9,0.08818342151675485
반도체,A61N,0.20930594460006227,9,2.3256216066673585
반도체,B01J,0.008771929824561403,9,0.09746588693957114
반도체,B29C,0.02150537634408602,9,0.23894862604540024
반도체,B33Y,0.02150537634408602,9,0.23894862604540024
반도체,B60L,0.0035087719298245615,9,0.03898635477582846
반도체,B60W,0.006578947368421052,9,0.07309941520467836
반도체,B64C,0.0035087719298245615,9,0.03898635477582846
반도체,B64D,0.0035087719298245615,9,0.03898635477582846
반도체,B64U,0.005263157894736842,9,0.05847953216374269
반도체,C01B,0.008771929824561403,9,0.09746588693957114
반도체,C03C,0.005494505494505495,9,0.061050061050061055
반도체,C04B,0.005847953216374269,9,0.0649772579597141
반도체,C09K,0.005494505494505495,9,0.061050061050061055
반도체,C23C,0.020291112396375554,9,0.22545680440417282
반도체,C30B,0.040100250626566414,9,0.4455583402951824
반도체,F21K,0.0026455026455026454,9,0.029394473838918283
반도체,F21V,0.0026455026455026454,9,0.029394473838918283
반도체,F21Y,0.0026455026455026454,9,0.029394473838918283
반도체,F24H,0.0336687306501548,9,0.37409700722394224
반도체,F28D,0.008771929824561403,9,0.09746588693957114
반도체,F41G,0.031746031746031744,9,0.3527336860670194
반도체,G01J,0.17950513538748833,9,1.994501504305426
반도체,G01K,0.04835467364648179,9,0.5372741516275755
반도체,G01N,0.0027472527472527475,9,0.030525030525030528
반도체,G01P,0.005847953216374269,9,0.0649772579597141
반도체,G01R,0.09758930834969484,9,1.0843256483299428
반도체,G01S,0.015873015873015872,9,0.1763668430335097
반도체,G01T,0.014705882352941176,9,0.1633986928104575
반도체,G02B,0.1544650023752191,9,1.7162778041691011
반도체,G03B,0.007894736842105263,9,0.08771929824561403
반도체,G03F,0.015625,9,0.1736111111111111
반도체,G06F,0.5106570188913142,9,5.673966876570158
반도체,G06K,0.07065647990945105,9,0.7850719989939006
반도체,G06N,1.3483500417710945,9,14.981667130789939
반도체,G06Q,0.02080739483116393,9,0.23119327590182145
반도체,G06T,0.0782421740626075,9,0.8693574895845279
반도체,G06V,0.018859649122807017,9,0.20955165692007796
반도체,G08C,0.015873015873015872,9,0.1763668430335097
반도체,G10L,0.006871345029239766,9,0.07634827810266406
반도체,G11C,0.03696741854636591,9,0.41074909495962125
반도체,G16C,0.014705882352941176,9,0.1633986928104575
반도체,G16H,0.0029239766081871343,9,0.03248862897985705
반도체,H01B,0.0027472527472527475,9,0.030525030525030528
반도체,H01C,0.016129032258064516,9,0.17921146953405018
반도체,H01J,0.03965643274853801,9,0.4406270305393112
반도체,H01L,0.07422100353789157,9,0.8246778170876842
반도체,H01M,0.018214654282765738,9,0.20238504758628598
반도체,H01P,0.11285016977928693,9,1.2538907753254103
반도체,H01R,0.03125,9,0.3472222222222222
반도체,H01S,0.23544973544973546,9,2.6161081716637273
반도체,H02K,0.0043859649122807015,9,0.04873294346978557
반도체,H03B,0.0892403672539496,9,0.9915596361549954
반도체,H03F,0.29100322358711456,9,3.2333691509679396
반도체,H03G,0.016129032258064516,9,0.17921146953405018
반도체,H03H,0.05583406406835948,9,0.6203784896484387
반도체,H03L,0.016129032258064516,9,0.17921146953405018
반도체,H03M,0.029411764705882353,9,0.326797385620915
반도체,H04B,0.17186982319809643,9,1.9096647022010715
반도체,H04J,0.005291005291005291,9,0.058788947677836566
반도체,H04L,0.5031746031746032,9,5.590828924162257
반도체,H04N,0.4978053794617262,9,5.531170882908069
반도체,H04Q,0.015873015873015872,9,0.1763668430335097
반도체,H04W,0.015873015873015872,9,0.1763668430335097
반도체,H05B,0.15007051679377653,9,1.667450186597517
반도체,H05H,0.005847953216374269,9,0.0649772579597141
반도체,H05K,0.05969089390142021,9,0.6632321544602245
반도체,H10B,0.09647991722482385,9,1.0719990802758206
반도체,H10D,0.9732032339948299,9,10.813369266609222
반도체,H10F,0.11813186813186813,9,1.3125763125763124
반도체,H10H,0.6754171754171754,9,7.504635282413059
반도체,H10K,0.0018315018315018315,9,0.02035002035002035
반도체,H10N,0.07097677780789735,9,0.7886308645321928
반도체,H10P,0.4812355506827693,9,5.347061674252992
반도체,H10W,0.6281716697170358,9,6.979685219078175
센서,B64U,0.05555555555555555,1,5.555555555555555
센서,G01N,0.05555555555555555,1,5.555555555555555
센서,G01T,0.17777777777777776,1,17.777777777777775
센서,G01V,0.03333333333333333,1,3.3333333333333335
센서,G06F,0.03333333333333333,1,3.3333333333333335
센서,G06Q,0.02222222222222222,1,2.222222222222222
센서,G21C,0.5222222222222223,1,52.22222222222223
센서,G21D,0.03333333333333333,1,3.3333333333333335
센서,H04L,0.06666666666666667,1,6.666666666666667
우주,A01M,0.041666666666666664,13,0.3205128205128205
우주,A61B,0.06578947368421052,13,0.5060728744939271
우주,A62C,0.03571428571428571,13,0.2747252747252747
우주,A63F,0.017241379310344827,13,0.1326259946949602
우주,A63G,0.034482758620689655,13,0.2652519893899204
우주,B01D,0.023809523809523808,13,0.18315018315018314
우주,B04C,0.03571428571428571,13,0.2747252747252747
우주,B05B,0.05263157894736842,13,0.40485829959514164
우주,B21B,0.10876623376623376,13,0.8366633366633367
우주,B22F,0.4345238095238095,13,3.342490842490842
우주,B23K,0.07828282828282829,13,0.6021756021756022
우주,B24B,0.022727272727272728,13,0.17482517482517484
우주,B25J,0.018518518518518517,13,0.14245014245014243
우주,B29B,0.004629629629629629,13,0.035612535612535606
우주,B29C,0.13734567901234568,13,1.0565052231718899
우주,B29K,0.020061728395061727,13,0.15432098765432098
우주,B29L,0.021672034353193773,13,0.166707956563029
우주,B30B,0.007246376811594202,13,0.05574136008918617
우주,B32B,0.03429316043732519,13,0.2637935418255784
우주,B33Y,0.1488095238095238,13,1.1446886446886446
우주,B60H,0.09375,13,0.7211538461538461
우주,B60N,0.021604938271604937,13,0.1661918328584995
우주,B60R,0.018518518518518517,13,0.14245014245014243
우주,B63B,0.009259259259259259,13,0.07122507122507121
우주,B63C,0.008333333333333333,13,0.06410256410256411
우주,B64C,0.13956472056369473,13,1.0735747735668826
우주,B64D,0.2761803065328934,13,2.1244638964068723
우주,B64F,0.05615942028985507,13,0.43199554069119284
우주,B64G,0.5004481528755576,13,3.8496011759658275
우주,B64U,0.2117816091954023,13,1.6290893015030945
우주,B65D,0.018518518518518517,13,0.14245014245014243
우주,C01B,0.09706959706959706,13,0.7466892082276697
우주,C03C,0.07142857142857142,13,0.5494505494505494
우주,C08J,0.004629629629629629,13,0.035612535612535606
우주,C08L,0.004629629629629629,13,0.035612535612535606
우주,C09J,0.013157894736842105,13,0.10121457489878541
우주,C09K,0.02564102564102564,13,0.1972386587771203
우주,C22C,0.06135531135531135,13,0.471963933502395
우주,C22F,0.017857142857142856,13,0.13736263736263735
우주,C23C,0.039926739926739924,13,0.30712876866723016
우주,C23G,0.017857142857142856,13,0.13736263736263735
우주,E01F,0.009259259259259259,13,0.07122507122507121
우주,E05F,0.003703703703703704,13,0.028490028490028494
우주,F02D,0.021739130434782608,13,0.16722408026755853
우주,F02K,0.018518518518518517,13,0.14245014245014243
우주,F02M,0.022727272727272728,13,0.17482517482517484
우주,F03H,0.013157894736842105,13,0.10121457489878541
우주,F16B,0.1156866059612055,13,0.8898969689323499
우주,F16C,0.006578947368421052,13,0.050607287449392704
우주,F16F,0.1815552056780127,13,1.3965785052154822
우주,F16K,0.022727272727272728,13,0.17482517482517484
우주,F17C,0.027777777777777776,13,0.21367521367521367
우주,F28D,0.02564102564102564,13,0.1972386587771203
우주,F28F,0.02564102564102564,13,0.1972386587771203
우주,F41A,0.003703703703703704,13,0.028490028490028494
우주,F41B,0.003703703703703704,13,0.028490028490028494
우주,F41F,0.003703703703703704,13,0.028490028490028494
우주,F41H,0.025,13,0.19230769230769232
우주,G01B,0.03091363674887702,13,0.23779720576059246
우주,G01C,0.04382183908045977,13,0.33709106984969056
우주,G01D,0.007246376811594202,13,0.05574136008918617
우주,G01H,0.010869565217391304,13,0.08361204013377926
우주,G01J,0.44933137038400195,13,3.4563951568000153
우주,G01L,0.003623188405797101,13,0.027870680044593085
우주,G01M,0.03301127214170692,13,0.2539328626285148
우주,G01N,0.14653330185366797,13,1.1271792450282152
우주,G01P,0.010869565217391304,13,0.08361204013377926
우주,G01R,0.042119565217391304,13,0.3239966555183947
우주,G01S,1.3009990643238165,13,10.007685110183205
우주,G01W,0.039473684210526314,13,0.30364372469635625
우주,G02B,0.05360623781676413,13,0.4123556755135702
우주,G03B,0.038798920377867745,13,0.2984532336759057
우주,G05B,0.004629629629629629,13,0.035612535612535606
우주,G05D,0.08956834935358832,13,0.68898730271991
우주,G06F,0.8942181376970562,13,6.878601059208124
우주,G06N,0.10507246376811595,13,0.8082497212931996
우주,G06Q,0.10142970973090454,13,0.7802285363915734
우주,G06T,0.7368564790808438,13,5.668126762160337
우주,G06V,0.05549568965517242,13,0.4268899204244032
우주,G08B,0.10243055555555555,13,0.7879273504273504
우주,G08C,0.020833333333333336,13,0.16025641025641027
우주,G08G,0.11312134502923976,13,0.8701641925326136
우주,G09B,0.05119199659429544,13,0.39378458918688797
우주,G12B,0.0625,13,0.4807692307692308
우주,G16C,0.015432098765432098,13,0.11870845204178537
우주,G16H,0.013157894736842105,13,0.10121457489878541
우주,H01C,0.07291666666666666,13,0.5608974358974359
우주,H01M,0.017857142857142856,13,0.13736263736263735
우주,H01P,0.9442028985507247,13,7.263099219620959
우주,H01Q,1.378982946031001,13,10.607561123315394
우주,H01R,0.009523809523809523,13,0.07326007326007325
우주,H02H,0.09375,13,0.7211538461538461
우주,H02J,0.041666666666666664,13,0.3205128205128205
우주,H02K,0.09375,13,0.7211538461538461
우주,H02M,0.1046195652173913,13,0.8047658862876254
우주,H02P,0.09375,13,0.7211538461538461
우주,H02S,0.06477732793522267,13,0.4982871379632513
우주,H03F,0.010869565217391304,13,0.08361204013377926
우주,H03G,0.021739130434782608,13,0.16722408026755853
우주,H03H,0.18095238095238095,13,1.3919413919413919
우주,H03K,0.03260869565217391,13,0.2508361204013378
우주,H03L,0.0411725955204216,13,0.3167122732340123
우주,H03M,0.0411725955204216,13,0.3167122732340123
우주,H04B,0.600839054157132,13,4.6218388781317845
우주,H04H,0.013157894736842105,13,0.10121457489878541
우주,H04K,0.010869565217391304,13,0.08361204013377926
우주,H04L,0.27145742320227445,13,2.0881340246328803
우주,H04N,0.24398080564980668,13,1.8767754280754358
우주,H04W,0.17982456140350878,13,1.3832658569500675
우주,H05H,0.009259259259259259,13,0.07122507122507121
우주,H05K,0.12693994601889338,13,0.9764611232222568
우주,H10F,0.006578947368421052,13,0.050607287449392704
우주,H10N,0.03571428571428571,13,0.2747252747252747
우주,H10W,0.09748803827751196,13,0.749907986750092
인공지능,A01K,0.004975124378109453,17,0.029265437518290898
인공지능,A47L,0.017241379310344827,17,0.10141987829614604
인공지능,A61B,0.05275290215588723,17,0.31031118915227784
인공지능,A61F,0.0021459227467811163,17,0.01262307498106539
인공지능,A63B,0.001953125,17,0.011488970588235295
인공지능,B06B,0.011444921316165951,17,0.06732306656568206
인공지능,B07C,0.0013020833333333333,17,0.007659313725490195
인공지능,B25J,0.14358448065344617,17,0.8446145920790952
인공지능,B29C,0.00357653791130186,17,0.021038458301775646
인공지능,B29D,0.001430615164520744,17,0.008415383320710257
인공지능,B29L,0.001430615164520744,17,0.008415383320710257
인공지능,B41M,0.0009765625,17,0.0057444852941176475
인공지능,B42D,0.004557291666666666,17,0.026807598039215685
인공지능,B60H,0.013736263736263736,17,0.08080155138978669
인공지능,B60R,0.028570052961001444,17,0.16805913506471437
인공지능,B60W,0.1421160478798945,17,0.8359767522346736
인공지능,B62D,0.0037313432835820895,17,0.021949078138718173
인공지능,B64C,0.008333333333333333,17,0.049019607843137254
인공지능,B64G,0.1,17,0.5882352941176471
인공지능,B64U,0.017767295597484276,17,0.10451350351461339
인공지능,B65G,0.012903225806451613,17,0.07590132827324478
인공지능,B65H,0.0080506714661498,17,0.04735689097735177
인공지능,C09D,0.0013020833333333333,17,0.007659313725490195
인공지능,C12M,0.005494505494505495,17,0.03232062055591468
인공지능,E02F,0.03333333333333333,17,0.19607843137254902
인공지능,F24F,0.005494505494505495,17,0.03232062055591468
인공지능,F41G,0.011904761904761904,17,0.0700280112044818
인공지능,F41H,0.03966261492909459,17,0.23330949958290936
인공지능,F41J,0.011904761904761904,17,0.0700280112044818
인공지능,G01C,0.22351119614265924,17,1.3147717420156426
인공지능,G01F,0.007462686567164179,17,0.043898156277436345
인공지능,G01G,0.008279569892473118,17,0.048703352308665404
인공지능,G01H,0.02976190476190476,17,0.17507002801120447
인공지능,G01J,0.0030435183903271953,17,0.017903049354865853
인공지능,G01M,0.051467505241090145,17,0.30275003082994206
인공지능,G01N,0.05616698292220114,17,0.33039401718941847
인공지능,G01S,0.2933673942229418,17,1.7256905542525989
인공지능,G01V,0.005178931451612903,17,0.030464302656546486
인공지능,G01W,0.07248212717922989,17,0.42636545399546993
인공지능,G02B,0.07627527598061196,17,0.44867809400359976
인공지능,G02F,0.004291845493562233,17,0.02524614996213078
인공지능,G03B,0.026388888888888885,17,0.15522875816993462
인공지능,G03H,0.02638888888888889,17,0.15522875816993464
인공지능,G05B,0.14470822678369846,17,0.8512248634335203
인공지능,G05D,0.10907469615426958,17,0.6416158597309976
인공지능,G06F,2.217101924383509,17,13.041776025785346
인공지능,G06K,0.08872839549171009,17,0.52193173818653
인공지능,G06N,2.762735844059653,17,16.25138731799796
인공지능,G06Q,0.7980647675610811,17,4.694498632712242
인공지능,G06T,2.906246061712991,17,17.095565068899948
인공지능,G06V,1.2851977811516782,17,7.559986947951048
인공지능,G07C,0.02658759993016132,17,0.15639764664800776
인공지능,G07D,0.0087890625,17,0.05170036764705882
인공지능,G07F,0.01867023577763357,17,0.10982491633902099
인공지능,G07G,0.0016129032258064516,17,0.009487666034155597
인공지능,G08B,0.39261038108161517,17,2.309472829891854
인공지능,G08C,0.011904761904761904,17,0.0700280112044818
인공지능,G08G,0.10657463294209545,17,0.6269096055417379
인공지능,G09B,0.14586855376211194,17,0.8580503162477173
인공지능,G09C,0.00390625,17,0.02297794117647059
인공지능,G09G,0.0026041666666666665,17,0.01531862745098039
인공지능,G10H,0.017857142857142856,17,0.10504201680672268
인공지능,G10K,0.06780840761527457,17,0.39887298597220333
인공지능,G10L,0.5638757094500871,17,3.316915937941689
인공지능,G11B,0.08095071328712194,17,0.476180666394835
인공지능,G16C,0.0013020833333333333,17,0.007659313725490195
인공지능,G16H,0.07152101809791621,17,0.420711871164213
인공지능,G16Y,0.004635416666666667,17,0.0272671568627451
인공지능,H01F,0.08512160228898427,17,0.5007153075822605
인공지능,H01Q,0.004291845493562233,17,0.02524614996213078
인공지능,H01R,0.01430615164520744,17,0.08415383320710258
인공지능,H02G,0.0021459227467811163,17,0.01262307498106539
인공지능,H02K,0.03505007153075823,17,0.20617689135740136
인공지능,H02N,0.001430615164520744,17,0.008415383320710257
인공지능,H02P,0.001430615164520744,17,0.008415383320710257
인공지능,H02S,0.004901960784313725,17,0.02883506343713956
인공지능,H03H,0.002732698497854077,17,0.016074697046200452
인공지능,H03K,0.001953125,17,0.011488970588235295
인공지능,H04B,0.12247366367538041,17,0.7204333157375319
인공지능,H04H,0.016881793478260868,17,0.09930466751918157
인공지능,H04L,0.46739696138775955,17,2.7493938905162327
인공지능,H04M,0.0363190135752939,17,0.21364125632525824
인공지능,H04N,1.3780000135600918,17,8.105882432706423
인공지능,H04Q,0.016666666666666666,17,0.09803921568627451
인공지능,H04R,0.8055459919193825,17,4.738505834819897
인공지능,H04S,0.02564102564102564,17,0.15082956259426847
인공지능,H04W,0.5238850436472884,17,3.0816767273369905
인공지능,H05F,0.0021459227467811163,17,0.01262307498106539
인공지능,H05K,0.009298998569384835,17,0.05469999158461668
인공지능,H10D,0.02197802197802198,17,0.1292824822236587
인공지능,H10N,0.001430615164520744,17,0.008415383320710257
인공지능,H10W,0.004291845493562233,17,0.02524614996213078
