ipc_subclass,selection_id,company_name_official,weight
H04R,SEL-070,부전전자,178.66666666666666
H10H,SEL-047,웨이브로드,95.0
G01S,SEL-009,에스오에스랩,75.11666666666666
G06N,SEL-074,딥엑스,60.88333333333333
G06F,SEL-071,마크애니,59.833333333333336
H04N,SEL-071,마크애니,55.61666666666667
G06N,SEL-023,인피닉,45.15
H01Q,SEL-078,센서뷰,40.71666666666667
G06N,SEL-044,마키나락스,40.5
G06T,SEL-071,마크애니,38.61666666666667
H10D,SEL-047,웨이브로드,38.166666666666664
G02B,SEL-011,대한광통신,35.166666666666664
H01R,SEL-078,센서뷰,34.833333333333336
G06T,SEL-023,인피닉,33.15
H04W,SEL-082,이루온,33.0
G06T,SEL-059,버넥트,32.20952380952381
G06F,SEL-021,코난테크놀로지,29.833333333333332
G06F,SEL-074,딥엑스,29.233333333333334
H01M,SEL-052,유뱃,28.083333333333332
H10P,SEL-047,웨이브로드,27.833333333333332
H04L,SEL-071,마크애니,26.25
H04N,SEL-068,인텔리빅스,25.716666666666665
G06F,SEL-044,마키나락스,24.25
G02B,SEL-060,이오시스템,23.416666666666668
H01Q,SEL-064,극동통신,22.833333333333332
H02K,SEL-076,삼현,21.583333333333332
G06N,SEL-005,에스아이에이,20.616666666666667
G02B,SEL-009,에스오에스랩,20.116666666666667
H01F,SEL-070,부전전자,19.833333333333332
G06T,SEL-042,모라이,19.28333333333333
G06T,SEL-005,에스아이에이,19.03333333333333
F41G,SEL-060,이오시스템,18.366666666666667
C03B,SEL-011,대한광통신,18.333333333333332
G06Q,SEL-071,마크애니,18.333333333333332
G06F,SEL-023,인피닉,17.966666666666665
G01S,SEL-051,소나테크,17.666666666666668
G01S,SEL-058,덕산넵코어스,17.333333333333332
H10D,SEL-007,웨이비스,16.066666666666666
F25J,SEL-054,패리티,15.5
H04N,SEL-028,링크플로우,15.166666666666666
G06V,SEL-023,인피닉,15.133333333333333
H04L,SEL-082,이루온,15.0
H04M,SEL-082,이루온,14.916666666666666
H04N,SEL-040,펀진,14.866666666666667
H01S,SEL-046,옵토웰,14.833333333333334
G01S,SEL-037,두시텍,14.5
G06Q,SEL-082,이루온,13.916666666666666
G06T,SEL-022,다비오,13.833333333333334
H01M,SEL-080,비이아이랩,13.25
H02K,SEL-010,코모텍,12.833333333333334
G06T,SEL-068,인텔리빅스,12.683333333333334
H04N,SEL-021,코난테크놀로지,12.583333333333334
H10N,SEL-015,아이블포토닉스,12.0
H01S,SEL-009,에스오에스랩,11.916666666666666
G06Q,SEL-059,버넥트,11.50952380952381
G06N,SEL-045,퓨리오사에이아이,11.5
G06N,SEL-071,마크애니,11.45
B64U,SEL-030,니어스랩,11.392857142857142
G06Q,SEL-023,인피닉,11.366666666666667
A61N,SEL-046,옵토웰,11.333333333333334
G06Q,SEL-021,코난테크놀로지,11.25
G01N,SEL-034,아이디케이,11.183333333333334
G06T,SEL-021,코난테크놀로지,11.166666666666666
H10W,SEL-008,RFHIC,11.083333333333334
G06V,SEL-005,에스아이에이,11.033333333333333
H01P,SEL-039,코모텍,11.0
H10D,SEL-008,RFHIC,10.916666666666666
G06N,SEL-021,코난테크놀로지,10.666666666666666
G06F,SEL-026,마이크로인피니티,10.666666666666666
G11B,SEL-071,마크애니,10.5
G06T,SEL-030,니어스랩,10.383333333333333
H01Q,SEL-002,단암시스템즈,10.333333333333334
G06F,SEL-042,모라이,10.2
G01S,SEL-048,에이유,10.2
A61B,SEL-073,아이쓰리시스템,10.0
H10H,SEL-046,옵토웰,9.666666666666666
G06T,SEL-041,젠젠에이아이,9.666666666666666
G01S,SEL-023,인피닉,9.616666666666667
G06V,SEL-071,마크애니,9.45
G06F,SEL-040,펀진,9.366666666666667
G06F,SEL-059,버넥트,9.233333333333333
H04L,SEL-025,쿠오핀,9.166666666666666
G05B,SEL-044,마키나락스,9.0
H01P,SEL-081,모아컴코리아,9.0
A61B,SEL-015,아이블포토닉스,8.95
B64U,SEL-014,네스앤텍,8.7
F17C,SEL-054,패리티,8.7
G02B,SEL-046,옵토웰,8.666666666666666
H02K,SEL-070,부전전자,8.166666666666666
G01J,SEL-060,이오시스템,8.166666666666666
A62C,SEL-016,스탠다드시험연구소,8.116666666666667
H04W,SEL-004,솔빛시스템,8.0
G06K,SEL-071,마크애니,8.0
H04N,SEL-060,이오시스템,7.95
F16H,SEL-076,삼현,7.833333333333333
G06F,SEL-005,에스아이에이,7.833333333333333
G01S,SEL-026,마이크로인피니티,7.833333333333333
G21D,SEL-016,스탠다드시험연구소,7.833333333333333
G21C,SEL-083,유저스,7.833333333333333
H04N,SEL-025,쿠오핀,7.5
H01M,SEL-013,빅텍,7.5
B29C,SEL-001,ANH스트럭쳐,7.416666666666667
G05D,SEL-031,파블로항공,7.358333333333333
C23C,SEL-080,비이아이랩,7.333333333333333
H10P,SEL-008,RFHIC,7.25
H04N,SEL-074,딥엑스,7.05
H01P,SEL-064,극동통신,7.0
G06V,SEL-068,인텔리빅스,6.966666666666667
G21C,SEL-016,스탠다드시험연구소,6.916666666666666
G06T,SEL-006,아이브스,6.833333333333333
G05D,SEL-030,니어스랩,6.776190476190476
G06Q,SEL-040,펀진,6.75
G06F,SEL-077,케이알엠,6.666666666666667
G06N,SEL-069,데이터메이커,6.5
H10N,SEL-047,웨이브로드,6.5
G06V,SEL-069,데이터메이커,6.5
H04N,SEL-023,인피닉,6.433333333333334
B64C,SEL-027,컨트로맥스,6.416666666666667
G01N,SEL-016,스탠다드시험연구소,6.2
G01C,SEL-026,마이크로인피니티,6.083333333333333
B22F,SEL-019,하나에이엠티,6.083333333333333
G03B,SEL-060,이오시스템,6.033333333333333
B60W,SEL-042,모라이,6.033333333333333
H10W,SEL-047,웨이브로드,6.0
H01Q,SEL-058,덕산넵코어스,6.0
H10W,SEL-024,웨이브피아,5.833333333333333
G06N,SEL-041,젠젠에이아이,5.833333333333333
G06F,SEL-001,ANH스트럭쳐,5.833333333333333
G01J,SEL-073,아이쓰리시스템,5.833333333333333
H04N,SEL-059,버넥트,5.833333333333333
B64C,SEL-031,파블로항공,5.725
G06V,SEL-059,버넥트,5.666666666666667
G06F,SEL-065,나라스페이스 테크놀로지,5.666666666666666
G06T,SEL-074,딥엑스,5.566666666666666
B64C,SEL-014,네스앤텍,5.533333333333333
G06N,SEL-072,써로마인드,5.333333333333333
G01N,SEL-015,아이블포토닉스,5.25
B64C,SEL-030,니어스랩,5.1499999999999995
B64F,SEL-055,위플로,5.119047619047619
G06V,SEL-030,니어스랩,5.116666666666667
H04W,SEL-040,펀진,5.066666666666666
B64U,SEL-031,파블로항공,5.025
B64G,SEL-036,솔탑,5.0
G10L,SEL-043,코클,5.0
G06F,SEL-028,링크플로우,5.0
H04B,SEL-046,옵토웰,5.0
G01S,SEL-002,단암시스템즈,5.0
G06N,SEL-068,인텔리빅스,4.8999999999999995
H01B,SEL-078,센서뷰,4.833333333333333
H01M,SEL-016,스탠다드시험연구소,4.833333333333333
G06F,SEL-049,포멀웍스,4.75
H10W,SEL-007,웨이비스,4.733333333333333
H03F,SEL-008,RFHIC,4.666666666666667
C30B,SEL-015,아이블포토닉스,4.666666666666666
B64D,SEL-001,ANH스트럭쳐,4.633333333333333
G06Q,SEL-067,텔레픽스,4.533333333333333
G10L,SEL-023,인피닉,4.5
G01L,SEL-032,센서피아,4.5
H03F,SEL-024,웨이브피아,4.5
H04N,SEL-002,단암시스템즈,4.5
H04L,SEL-004,솔빛시스템,4.5
G06F,SEL-069,데이터메이커,4.5
H04N,SEL-006,아이브스,4.45
G08G,SEL-031,파블로항공,4.434523809523809
G01S,SEL-060,이오시스템,4.416666666666666
G06K,SEL-013,빅텍,4.366666666666666
H04R,SEL-015,아이블포토닉스,4.283333333333333
G01R,SEL-061,휴라,4.25
G01S,SEL-036,솔탑,4.2
B25J,SEL-044,마키나락스,4.166666666666667
G08B,SEL-006,아이브스,4.116666666666666
G01C,SEL-042,모라이,4.083333333333333
G10K,SEL-070,부전전자,4.0
H01P,SEL-008,RFHIC,4.0
H01G,SEL-052,유뱃,4.0
G06F,SEL-002,단암시스템즈,4.0
G01J,SEL-020,루미르,4.0
F16C,SEL-062,삼영기계,4.0
G01S,SEL-061,휴라,4.0
H10P,SEL-007,웨이비스,4.0
H02N,SEL-015,아이블포토닉스,4.0
B64D,SEL-014,네스앤텍,4.0
B64D,SEL-031,파블로항공,3.941666666666667
G08B,SEL-068,인텔리빅스,3.85
B60W,SEL-009,에스오에스랩,3.8333333333333335
G06V,SEL-021,코난테크놀로지,3.75
H04N,SEL-082,이루온,3.75
G06N,SEL-006,아이브스,3.7
B62M,SEL-076,삼현,3.6666666666666665
G06N,SEL-067,텔레픽스,3.6666666666666665
G06K,SEL-059,버넥트,3.6666666666666665
G06V,SEL-067,텔레픽스,3.6166666666666667
H04L,SEL-079,유큐브,3.5833333333333335
G01S,SEL-029,두타기술,3.533333333333333
G06T,SEL-067,텔레픽스,3.533333333333333
G06F,SEL-067,텔레픽스,3.533333333333333
H05B,SEL-008,RFHIC,3.5
H01P,SEL-078,센서뷰,3.5
G01B,SEL-060,이오시스템,3.5
H10P,SEL-046,옵토웰,3.5
H04M,SEL-070,부전전자,3.5
G01S,SEL-042,모라이,3.5
H04B,SEL-082,이루온,3.5
H01Q,SEL-039,코모텍,3.5
G01S,SEL-030,니어스랩,3.4261904761904765
G06N,SEL-059,버넥트,3.426190476190476
G01W,SEL-005,에스아이에이,3.4166666666666665
G01B,SEL-034,아이디케이,3.35
G06Q,SEL-035,심네트,3.3333333333333335
G05D,SEL-009,에스오에스랩,3.333333333333333
B64G,SEL-063,스텝랩,3.333333333333333
H01R,SEL-070,부전전자,3.333333333333333
G06T,SEL-009,에스오에스랩,3.333333333333333
G06Q,SEL-013,빅텍,3.283333333333333
G06F,SEL-082,이루온,3.1666666666666665
G06V,SEL-022,다비오,3.1666666666666665
G01M,SEL-016,스탠다드시험연구소,3.1666666666666665
H04K,SEL-029,두타기술,3.033333333333333
G01M,SEL-055,위플로,3.0095238095238095
B64U,SEL-055,위플로,3.0023809523809524
G10L,SEL-071,마크애니,3.0
A61B,SEL-048,에이유,3.0
G01J,SEL-009,에스오에스랩,3.0
B64G,SEL-067,텔레픽스,3.0
G02B,SEL-078,센서뷰,3.0
H04L,SEL-002,단암시스템즈,3.0
F02F,SEL-062,삼영기계,3.0
G06F,SEL-004,솔빛시스템,3.0
H10P,SEL-080,비이아이랩,3.0
B66C,SEL-009,에스오에스랩,3.0
H02M,SEL-013,빅텍,3.0
H05K,SEL-016,스탠다드시험연구소,3.0
G01R,SEL-053,아이티사이언스,3.0
G03B,SEL-028,링크플로우,3.0
G01R,SEL-078,센서뷰,3.0
B23K,SEL-001,ANH스트럭쳐,3.0
G06V,SEL-041,젠젠에이아이,2.9166666666666665
F41A,SEL-076,삼현,2.8333333333333335
F16K,SEL-016,스탠다드시험연구소,2.8333333333333335
H01Q,SEL-063,스텝랩,2.8333333333333335
G01S,SEL-013,빅텍,2.833333333333333
G01C,SEL-022,다비오,2.833333333333333
H10F,SEL-073,아이쓰리시스템,2.833333333333333
G01S,SEL-065,나라스페이스 테크놀로지,2.833333333333333
F03D,SEL-030,니어스랩,2.8095238095238093
B64D,SEL-027,컨트로맥스,2.75
G10L,SEL-021,코난테크놀로지,2.6666666666666665
B06B,SEL-070,부전전자,2.6666666666666665
H05B,SEL-024,웨이브피아,2.6666666666666665
G01P,SEL-026,마이크로인피니티,2.6666666666666665
B64D,SEL-012,영풍전자,2.6666666666666665
G01T,SEL-083,유저스,2.6666666666666665
G06T,SEL-040,펀진,2.6166666666666667
H04B,SEL-017,우리별,2.583333333333333
G06T,SEL-060,이오시스템,2.533333333333333
H02P,SEL-076,삼현,2.5
G09B,SEL-035,심네트,2.5
G06T,SEL-001,ANH스트럭쳐,2.5
H03B,SEL-024,웨이브피아,2.5
F04C,SEL-076,삼현,2.5
B63B,SEL-051,소나테크,2.5
H01G,SEL-056,삼정오토메이션,2.5
H04B,SEL-002,단암시스템즈,2.5
G06F,SEL-045,퓨리오사에이아이,2.5
G06F,SEL-035,심네트,2.5
F02C,SEL-018,성신디펜스솔루션,2.5
A61B,SEL-036,솔탑,2.5
H04N,SEL-073,아이쓰리시스템,2.5
G01N,SEL-001,ANH스트럭쳐,2.5
H04N,SEL-014,네스앤텍,2.45
G06Q,SEL-031,파블로항공,2.4238095238095236
G08B,SEL-016,스탠다드시험연구소,2.4166666666666665
G10L,SEL-006,아이브스,2.3666666666666667
G09B,SEL-040,펀진,2.3333333333333335
G01C,SEL-060,이오시스템,2.3333333333333335
G06T,SEL-028,링크플로우,2.3333333333333335
G06V,SEL-044,마키나락스,2.333333333333333
B01D,SEL-054,패리티,2.333333333333333
G06F,SEL-079,유큐브,2.333333333333333
G05D,SEL-014,네스앤텍,2.283333333333333
H01B,SEL-080,비이아이랩,2.25
G07D,SEL-071,마크애니,2.25
H05K,SEL-076,삼현,2.25
G01S,SEL-005,에스아이에이,2.25
G01R,SEL-055,위플로,2.2023809523809526
H01L,SEL-015,아이블포토닉스,2.2
G01S,SEL-068,인텔리빅스,2.2
G06F,SEL-068,인텔리빅스,2.2
G06N,SEL-043,코클,2.1666666666666665
G01N,SEL-036,솔탑,2.1666666666666665
H04B,SEL-058,덕산넵코어스,2.1666666666666665
H10D,SEL-024,웨이브피아,2.1666666666666665
G05D,SEL-026,마이크로인피니티,2.1666666666666665
H05K,SEL-070,부전전자,2.1666666666666665
G08G,SEL-042,모라이,2.1666666666666665
G06V,SEL-074,딥엑스,2.15
G08B,SEL-034,아이디케이,2.1166666666666667
B33Y,SEL-019,하나에이엠티,2.0833333333333335
G06Q,SEL-009,에스오에스랩,2.083333333333333
G06Q,SEL-044,마키나락스,2.083333333333333
H01B,SEL-011,대한광통신,2.083333333333333
G05D,SEL-044,마키나락스,2.083333333333333
G01S,SEL-078,센서뷰,2.033333333333333
H04L,SEL-040,펀진,2.033333333333333
B64U,SEL-037,두시텍,2.033333333333333
A01K,SEL-051,소나테크,2.0
H10W,SEL-073,아이쓰리시스템,2.0
C07D,SEL-015,아이블포토닉스,2.0
H02K,SEL-077,케이알엠,2.0
B23K,SEL-062,삼영기계,2.0
H05K,SEL-008,RFHIC,2.0
G01B,SEL-016,스탠다드시험연구소,2.0
H05K,SEL-051,소나테크,2.0
B05B,SEL-036,솔탑,2.0
A61N,SEL-015,아이블포토닉스,2.0
H10D,SEL-044,마키나락스,2.0
F41A,SEL-060,이오시스템,2.0
H01Q,SEL-029,두타기술,2.0
H05K,SEL-078,센서뷰,2.0
B21D,SEL-076,삼현,2.0
F41G,SEL-046,옵토웰,2.0
H04W,SEL-017,우리별,2.0
G06T,SEL-069,데이터메이커,2.0
G06N,SEL-009,에스오에스랩,2.0
G06K,SEL-024,웨이브피아,2.0
H04Q,SEL-082,이루온,2.0
H01M,SEL-060,이오시스템,2.0
G02B,SEL-067,텔레픽스,2.0
H10F,SEL-047,웨이브로드,2.0
H04M,SEL-017,우리별,2.0
H01Q,SEL-081,모아컴코리아,2.0
B64D,SEL-002,단암시스템즈,2.0
B64G,SEL-064,극동통신,2.0
B65G,SEL-023,인피닉,2.0
G01N,SEL-032,센서피아,2.0
H04L,SEL-021,코난테크놀로지,2.0
H10B,SEL-008,RFHIC,1.9166666666666665
F42B,SEL-032,센서피아,1.9166666666666665
G06Q,SEL-049,포멀웍스,1.8928571428571428
G21F,SEL-016,스탠다드시험연구소,1.8333333333333333
F41G,SEL-058,덕산넵코어스,1.8333333333333333
F41H,SEL-040,펀진,1.8333333333333333
G09B,SEL-022,다비오,1.8333333333333333
G09B,SEL-001,ANH스트럭쳐,1.8333333333333333
A61B,SEL-046,옵토웰,1.8333333333333333
G01R,SEL-032,센서피아,1.8333333333333333
C30B,SEL-008,RFHIC,1.8333333333333333
H04W,SEL-071,마크애니,1.8333333333333333
F16F,SEL-063,스텝랩,1.8333333333333333
G06T,SEL-078,센서뷰,1.8333333333333333
F16F,SEL-001,ANH스트럭쳐,1.8333333333333333
G06T,SEL-044,마키나락스,1.8333333333333333
G01C,SEL-058,덕산넵코어스,1.8333333333333333
A01G,SEL-016,스탠다드시험연구소,1.8333333333333333
G06Q,SEL-016,스탠다드시험연구소,1.8333333333333333
B64U,SEL-001,ANH스트럭쳐,1.8
G05D,SEL-042,모라이,1.75
B60L,SEL-076,삼현,1.75
G05D,SEL-037,두시텍,1.75
B25J,SEL-059,버넥트,1.75
H01Q,SEL-036,솔탑,1.75
H03F,SEL-007,웨이비스,1.7333333333333334
G06T,SEL-049,포멀웍스,1.7261904761904763
B60R,SEL-048,에이유,1.7
G06Q,SEL-068,인텔리빅스,1.7
G06Q,SEL-028,링크플로우,1.6666666666666665
G02B,SEL-015,아이블포토닉스,1.6666666666666665
G06F,SEL-043,코클,1.6666666666666665
H01J,SEL-008,RFHIC,1.6666666666666665
G06F,SEL-012,영풍전자,1.6666666666666665
G01C,SEL-055,위플로,1.6666666666666665
G06T,SEL-036,솔탑,1.6666666666666665
G01N,SEL-054,패리티,1.6666666666666665
G02B,SEL-059,버넥트,1.6166666666666667
H04N,SEL-030,니어스랩,1.6
H04B,SEL-011,대한광통신,1.5833333333333333
G06T,SEL-065,나라스페이스 테크놀로지,1.5833333333333333
G01S,SEL-017,우리별,1.5833333333333333
G03H,SEL-040,펀진,1.5833333333333333
H04N,SEL-037,두시텍,1.5833333333333333
G01S,SEL-003,제노코,1.5833333333333333
G05B,SEL-030,니어스랩,1.5833333333333333
G06Q,SEL-030,니어스랩,1.5761904761904761
B64C,SEL-055,위플로,1.5523809523809524
B64C,SEL-001,ANH스트럭쳐,1.55
G08B,SEL-071,마크애니,1.5333333333333332
B60W,SEL-048,에이유,1.5333333333333332
B64D,SEL-030,니어스랩,1.5333333333333332
H01M,SEL-054,패리티,1.5333333333333332
B08B,SEL-060,이오시스템,1.5333333333333332
H02M,SEL-076,삼현,1.5
G01R,SEL-013,빅텍,1.5
C03C,SEL-011,대한광통신,1.5
H02P,SEL-077,케이알엠,1.5
H10P,SEL-015,아이블포토닉스,1.5
G01M,SEL-009,에스오에스랩,1.5
H04N,SEL-043,코클,1.5
H04N,SEL-036,솔탑,1.5
B65H,SEL-070,부전전자,1.5
C08F,SEL-015,아이블포토닉스,1.5
G05D,SEL-040,펀진,1.5
F25B,SEL-054,패리티,1.5
F24H,SEL-008,RFHIC,1.5
F24F,SEL-018,성신디펜스솔루션,1.5
G06N,SEL-022,다비오,1.5
B63J,SEL-018,성신디펜스솔루션,1.5
B63H,SEL-018,성신디펜스솔루션,1.5
B60W,SEL-060,이오시스템,1.5
B64D,SEL-037,두시텍,1.5
G05G,SEL-012,영풍전자,1.5
C23C,SEL-015,아이블포토닉스,1.5
G06N,SEL-035,심네트,1.5
H04L,SEL-049,포멀웍스,1.5
B63C,SEL-051,소나테크,1.5
H02J,SEL-078,센서뷰,1.5
G02F,SEL-015,아이블포토닉스,1.5
G04C,SEL-015,아이블포토닉스,1.5
B60L,SEL-055,위플로,1.5
H04B,SEL-073,아이쓰리시스템,1.5
G06F,SEL-025,쿠오핀,1.5
H04B,SEL-004,솔빛시스템,1.5
G01W,SEL-036,솔탑,1.5
F17C,SEL-001,ANH스트럭쳐,1.5
H04B,SEL-024,웨이브피아,1.5
H04B,SEL-013,빅텍,1.5
G06F,SEL-058,덕산넵코어스,1.5
G11C,SEL-074,딥엑스,1.5
H10F,SEL-046,옵토웰,1.5
G01T,SEL-016,스탠다드시험연구소,1.5
G06F,SEL-072,써로마인드,1.5
H03K,SEL-013,빅텍,1.5
H03K,SEL-002,단암시스템즈,1.5
G08G,SEL-071,마크애니,1.5
G06N,SEL-030,니어스랩,1.4833333333333334
G06T,SEL-012,영풍전자,1.45
G01J,SEL-055,위플로,1.4261904761904762
G06K,SEL-023,인피닉,1.4166666666666667
H02P,SEL-027,컨트로맥스,1.4166666666666665
G08G,SEL-068,인텔리빅스,1.4166666666666665
F41G,SEL-030,니어스랩,1.4000000000000001
B64U,SEL-060,이오시스템,1.3666666666666667
F41H,SEL-001,ANH스트럭쳐,1.35
F41C,SEL-060,이오시스템,1.3333333333333333
G01H,SEL-051,소나테크,1.3333333333333333
F04B,SEL-016,스탠다드시험연구소,1.3333333333333333
H01L,SEL-073,아이쓰리시스템,1.3333333333333333
F42C,SEL-032,센서피아,1.3333333333333333
G06F,SEL-020,루미르,1.3333333333333333
H04R,SEL-051,소나테크,1.3333333333333333
B64U,SEL-076,삼현,1.3333333333333333
B64D,SEL-076,삼현,1.3333333333333333
G01N,SEL-005,에스아이에이,1.3333333333333333
B81B,SEL-026,마이크로인피니티,1.3333333333333333
G06N,SEL-065,나라스페이스 테크놀로지,1.3333333333333333
B64U,SEL-050,유비파이,1.3333333333333333
H03H,SEL-038,아이스펙,1.3333333333333333
G06F,SEL-022,다비오,1.3333333333333333
F16H,SEL-027,컨트로맥스,1.3333333333333333
G01H,SEL-034,아이디케이,1.3333333333333333
G02B,SEL-036,솔탑,1.3333333333333333
H04M,SEL-026,마이크로인피니티,1.3333333333333333
G06V,SEL-050,유비파이,1.3333333333333333
H02G,SEL-078,센서뷰,1.3333333333333333
H04N,SEL-026,마이크로인피니티,1.3333333333333333
G06K,SEL-021,코난테크놀로지,1.3333333333333333
G08B,SEL-023,인피닉,1.3166666666666667
G03B,SEL-030,니어스랩,1.3095238095238095
G06F,SEL-036,솔탑,1.2833333333333332
G06V,SEL-042,모라이,1.2833333333333332
G06F,SEL-037,두시텍,1.2833333333333332
B60W,SEL-023,인피닉,1.2833333333333332
G01V,SEL-032,센서피아,1.25
H02G,SEL-011,대한광통신,1.25
B60H,SEL-044,마키나락스,1.25
G01C,SEL-032,센서피아,1.25
G05D,SEL-077,케이알엠,1.25
G03B,SEL-014,네스앤텍,1.25
G08B,SEL-067,텔레픽스,1.25
G05B,SEL-042,모라이,1.25
H04W,SEL-061,휴라,1.25
B64U,SEL-058,덕산넵코어스,1.25
G08B,SEL-051,소나테크,1.25
H04L,SEL-059,버넥트,1.2261904761904763
F41H,SEL-030,니어스랩,1.2000000000000002
G01S,SEL-040,펀진,1.2
B64F,SEL-030,니어스랩,1.2
G06F,SEL-034,아이디케이,1.2
G06F,SEL-031,파블로항공,1.1821428571428572
G01N,SEL-002,단암시스템즈,1.1666666666666667
G01R,SEL-015,아이블포토닉스,1.1666666666666665
B60N,SEL-001,ANH스트럭쳐,1.1666666666666665
H04N,SEL-067,텔레픽스,1.1666666666666665
G01S,SEL-020,루미르,1.1666666666666665
B64F,SEL-014,네스앤텍,1.1666666666666665
B64D,SEL-050,유비파이,1.1666666666666665
B62K,SEL-076,삼현,1.1666666666666665
G11B,SEL-021,코난테크놀로지,1.1666666666666665
H05K,SEL-081,모아컴코리아,1.1666666666666665
B42D,SEL-071,마크애니,1.1666666666666665
G06V,SEL-009,에스오에스랩,1.1666666666666665
H02K,SEL-027,컨트로맥스,1.1666666666666665
G01D,SEL-055,위플로,1.0857142857142859
B06B,SEL-015,아이블포토닉스,1.0833333333333333
B29K,SEL-001,ANH스트럭쳐,1.0833333333333333
B60C,SEL-014,네스앤텍,1.0833333333333333
G01B,SEL-014,네스앤텍,1.0833333333333333
G01M,SEL-014,네스앤텍,1.0833333333333333
G06T,SEL-031,파블로항공,1.0571428571428572
G01N,SEL-030,니어스랩,1.042857142857143
F41H,SEL-060,이오시스템,1.0333333333333332
F41H,SEL-029,두타기술,1.0333333333333332
B64C,SEL-037,두시텍,1.0333333333333332
E06B,SEL-016,스탠다드시험연구소,1.0
H01L,SEL-024,웨이브피아,1.0
H03G,SEL-002,단암시스템즈,1.0
G01D,SEL-034,아이디케이,1.0
H01M,SEL-028,링크플로우,1.0
G06N,SEL-025,쿠오핀,1.0
F02K,SEL-001,ANH스트럭쳐,1.0
F02M,SEL-018,성신디펜스솔루션,1.0
F04D,SEL-054,패리티,1.0
F16B,SEL-001,ANH스트럭쳐,1.0
F16B,SEL-053,아이티사이언스,1.0
H04L,SEL-053,아이티사이언스,1.0
H04L,SEL-045,퓨리오사에이아이,1.0
H04L,SEL-036,솔탑,1.0
F16B,SEL-002,단암시스템즈,1.0
F02D,SEL-002,단암시스템즈,1.0
F16D,SEL-076,삼현,1.0
H03K,SEL-077,케이알엠,1.0
H04B,SEL-081,모아컴코리아,1.0
H04B,SEL-067,텔레픽스,1.0
G01F,SEL-054,패리티,1.0
H03H,SEL-008,RFHIC,1.0
H03M,SEL-073,아이쓰리시스템,1.0
H03M,SEL-026,마이크로인피니티,1.0
H04B,SEL-070,부전전자,1.0
F16H,SEL-056,삼정오토메이션,1.0
F17C,SEL-016,스탠다드시험연구소,1.0
F16M,SEL-056,삼정오토메이션,1.0
G01B,SEL-001,ANH스트럭쳐,1.0
F41H,SEL-032,센서피아,1.0
H01P,SEL-024,웨이브피아,1.0
H03H,SEL-047,웨이브로드,1.0
H04B,SEL-040,펀진,1.0
A63G,SEL-037,두시텍,1.0
B01D,SEL-018,성신디펜스솔루션,1.0
A61G,SEL-031,파블로항공,1.0
A61L,SEL-046,옵토웰,1.0
G09B,SEL-012,영풍전자,1.0
G09B,SEL-021,코난테크놀로지,1.0
G08C,SEL-059,버넥트,1.0
G08G,SEL-009,에스오에스랩,1.0
G08G,SEL-036,솔탑,1.0
H10P,SEL-031,파블로항공,1.0
H10W,SEL-020,루미르,1.0
G06N,SEL-002,단암시스템즈,1.0
G06F,SEL-009,에스오에스랩,1.0
G06K,SEL-049,포멀웍스,1.0
H02S,SEL-036,솔탑,1.0
G05B,SEL-077,케이알엠,1.0
B65H,SEL-080,비이아이랩,1.0
G06Q,SEL-022,다비오,1.0
G06Q,SEL-069,데이터메이커,1.0
B64U,SEL-053,아이티사이언스,1.0
H01Q,SEL-048,에이유,1.0
H01Q,SEL-061,휴라,1.0
G01J,SEL-063,스텝랩,1.0
H04M,SEL-071,마크애니,1.0
H04L,SEL-083,유저스,1.0
G01M,SEL-001,ANH스트럭쳐,1.0
G01J,SEL-015,아이블포토닉스,1.0
B64C,SEL-036,솔탑,1.0
G02F,SEL-070,부전전자,1.0
H02K,SEL-056,삼정오토메이션,1.0
H01B,SEL-015,아이블포토닉스,1.0
H04W,SEL-003,제노코,1.0
H04Q,SEL-040,펀진,1.0
B64G,SEL-037,두시텍,1.0
G02B,SEL-051,소나테크,1.0
H04Q,SEL-026,마이크로인피니티,1.0
H01R,SEL-058,덕산넵코어스,1.0
H01R,SEL-007,웨이비스,1.0
H01Q,SEL-070,부전전자,1.0
G01R,SEL-007,웨이비스,1.0
G01R,SEL-017,우리별,1.0
B65D,SEL-001,ANH스트럭쳐,1.0
H01H,SEL-026,마이크로인피니티,1.0
H04L,SEL-072,써로마인드,1.0
C03C,SEL-047,웨이브로드,1.0
C03C,SEL-019,하나에이엠티,1.0
C01G,SEL-015,아이블포토닉스,1.0
C23C,SEL-008,RFHIC,1.0
C21D,SEL-062,삼영기계,1.0
C09K,SEL-047,웨이브로드,1.0
B81C,SEL-026,마이크로인피니티,1.0
C01B,SEL-019,하나에이엠티,1.0
G02B,SEL-028,링크플로우,1.0
B60R,SEL-001,ANH스트럭쳐,1.0
G02B,SEL-001,ANH스트럭쳐,1.0
G06V,SEL-072,써로마인드,1.0
B60R,SEL-077,케이알엠,1.0
G01P,SEL-032,센서피아,1.0
G06T,SEL-073,아이쓰리시스템,1.0
G01S,SEL-004,솔빛시스템,1.0
B32B,SEL-078,센서뷰,1.0
H05K,SEL-053,아이티사이언스,1.0
H05K,SEL-056,삼정오토메이션,1.0
G01S,SEL-064,극동통신,1.0
H05B,SEL-013,빅텍,1.0
G01R,SEL-024,웨이브피아,1.0
G01R,SEL-074,딥엑스,1.0
G08B,SEL-004,솔빛시스템,1.0
G08B,SEL-022,다비오,1.0
B25B,SEL-053,아이티사이언스,1.0
B23K,SEL-010,코모텍,1.0
H10B,SEL-024,웨이브피아,1.0
H02H,SEL-012,영풍전자,1.0
H02J,SEL-028,링크플로우,1.0
H02H,SEL-013,빅텍,1.0
B21F,SEL-076,삼현,1.0
B21D,SEL-018,성신디펜스솔루션,1.0
B21B,SEL-020,루미르,1.0
B25J,SEL-072,써로마인드,1.0
B25J,SEL-001,ANH스트럭쳐,1.0
B05D,SEL-011,대한광통신,1.0
A61N,SEL-073,아이쓰리시스템,1.0
G10L,SEL-077,케이알엠,1.0
G01V,SEL-012,영풍전자,1.0
G01S,SEL-076,삼현,1.0
B07C,SEL-056,삼정오토메이션,1.0
G01S,SEL-032,센서피아,1.0
H10W,SEL-070,부전전자,1.0
G09F,SEL-078,센서뷰,1.0
G09C,SEL-071,마크애니,1.0
A01D,SEL-026,마이크로인피니티,1.0
G06N,SEL-040,펀진,0.9833333333333334
G06V,SEL-040,펀진,0.95
B64U,SEL-036,솔탑,0.95
G06F,SEL-030,니어스랩,0.95
B64C,SEL-012,영풍전자,0.9166666666666666
G06Q,SEL-065,나라스페이스 테크놀로지,0.9166666666666666
B64U,SEL-012,영풍전자,0.9166666666666666
B25J,SEL-077,케이알엠,0.9166666666666666
G07F,SEL-021,코난테크놀로지,0.9166666666666666
H10F,SEL-009,에스오에스랩,0.9166666666666666
G06Q,SEL-001,ANH스트럭쳐,0.9166666666666666
G09B,SEL-023,인피닉,0.9166666666666666
G03B,SEL-074,딥엑스,0.9
G08C,SEL-034,아이디케이,0.9
G05B,SEL-059,버넥트,0.8928571428571428
G01H,SEL-055,위플로,0.8857142857142857
G10L,SEL-059,버넥트,0.8666666666666667
B64C,SEL-060,이오시스템,0.8666666666666667
G06T,SEL-037,두시텍,0.8666666666666667
F41H,SEL-023,인피닉,0.8500000000000001
B64D,SEL-029,두타기술,0.8333333333333333
G08B,SEL-017,우리별,0.8333333333333333
G08C,SEL-015,아이블포토닉스,0.8333333333333333
G16C,SEL-001,ANH스트럭쳐,0.8333333333333333
B25J,SEL-040,펀진,0.8333333333333333
G08B,SEL-009,에스오에스랩,0.8333333333333333
B29C,SEL-070,부전전자,0.8333333333333333
B01J,SEL-015,아이블포토닉스,0.8333333333333333
G06V,SEL-028,링크플로우,0.8333333333333333
B62J,SEL-076,삼현,0.8333333333333333
H04M,SEL-021,코난테크놀로지,0.8333333333333333
C08L,SEL-015,아이블포토닉스,0.8333333333333333
G06Q,SEL-072,써로마인드,0.8333333333333333
B64U,SEL-083,유저스,0.8333333333333333
F16C,SEL-076,삼현,0.8333333333333333
G06K,SEL-068,인텔리빅스,0.8333333333333333
H04L,SEL-020,루미르,0.8333333333333333
F16B,SEL-064,극동통신,0.8333333333333333
H04N,SEL-065,나라스페이스 테크놀로지,0.8333333333333333
G01D,SEL-060,이오시스템,0.8333333333333333
G01B,SEL-026,마이크로인피니티,0.8333333333333333
G01H,SEL-006,아이브스,0.8333333333333333
G01L,SEL-027,컨트로맥스,0.8333333333333333
G05D,SEL-050,유비파이,0.8333333333333333
G06F,SEL-016,스탠다드시험연구소,0.8333333333333333
G01K,SEL-024,웨이브피아,0.8333333333333333
G01M,SEL-027,컨트로맥스,0.8333333333333333
G01N,SEL-083,유저스,0.8333333333333333
G08G,SEL-082,이루온,0.8333333333333333
H10N,SEL-073,아이쓰리시스템,0.8333333333333333
G06Q,SEL-034,아이디케이,0.8166666666666667
G10L,SEL-074,딥엑스,0.7833333333333333
A61B,SEL-040,펀진,0.7833333333333333
G01S,SEL-059,버넥트,0.7833333333333333
B62H,SEL-013,빅텍,0.7833333333333333
H04B,SEL-061,휴라,0.75
B60R,SEL-023,인피닉,0.75
B64U,SEL-032,센서피아,0.75
G01C,SEL-012,영풍전자,0.75
H02K,SEL-038,아이스펙,0.75
B60W,SEL-074,딥엑스,0.75
B60H,SEL-038,아이스펙,0.75
G06V,SEL-065,나라스페이스 테크놀로지,0.75
G02B,SEL-016,스탠다드시험연구소,0.75
G08C,SEL-051,소나테크,0.75
G06T,SEL-072,써로마인드,0.75
H02M,SEL-038,아이스펙,0.75
G04R,SEL-017,우리별,0.75
B64D,SEL-055,위플로,0.75
H02P,SEL-038,아이스펙,0.75
G04G,SEL-017,우리별,0.75
G06F,SEL-014,네스앤텍,0.75
G01L,SEL-014,네스앤텍,0.75
H02H,SEL-038,아이스펙,0.75
B32B,SEL-001,ANH스트럭쳐,0.75
G06V,SEL-006,아이브스,0.7333333333333334
H10B,SEL-007,웨이비스,0.7333333333333334
G01P,SEL-060,이오시스템,0.7
G01S,SEL-014,네스앤텍,0.7
H02J,SEL-060,이오시스템,0.7
G10K,SEL-006,아이브스,0.7
G05D,SEL-036,솔탑,0.7
G06F,SEL-006,아이브스,0.7
G06N,SEL-042,모라이,0.7
H01J,SEL-060,이오시스템,0.7
H04L,SEL-023,인피닉,0.7
G06K,SEL-074,딥엑스,0.7
G01C,SEL-037,두시텍,0.6666666666666666
A61F,SEL-028,링크플로우,0.6666666666666666
H10B,SEL-074,딥엑스,0.6666666666666666
H10N,SEL-051,소나테크,0.6666666666666666
H04H,SEL-021,코난테크놀로지,0.6666666666666666
F42B,SEL-014,네스앤텍,0.6666666666666666
G06N,SEL-048,에이유,0.6666666666666666
H03H,SEL-078,센서뷰,0.6666666666666666
G03B,SEL-067,텔레픽스,0.6666666666666666
F41H,SEL-077,케이알엠,0.6666666666666666
G01N,SEL-055,위플로,0.6666666666666666
G01R,SEL-016,스탠다드시험연구소,0.6666666666666666
G01M,SEL-042,모라이,0.6666666666666666
G06N,SEL-004,솔빛시스템,0.6666666666666666
G05D,SEL-058,덕산넵코어스,0.6666666666666666
G01M,SEL-002,단암시스템즈,0.6666666666666666
F41A,SEL-035,심네트,0.6666666666666666
H04N,SEL-004,솔빛시스템,0.6666666666666666
C09C,SEL-054,패리티,0.6666666666666666
G09G,SEL-071,마크애니,0.6666666666666666
G06T,SEL-004,솔빛시스템,0.6666666666666666
G04B,SEL-015,아이블포토닉스,0.6666666666666666
G04G,SEL-015,아이블포토닉스,0.6666666666666666
G01P,SEL-030,니어스랩,0.6666666666666666
G06T,SEL-055,위플로,0.6666666666666666
G21K,SEL-016,스탠다드시험연구소,0.6666666666666666
B64F,SEL-002,단암시스템즈,0.6666666666666666
G21G,SEL-016,스탠다드시험연구소,0.6666666666666666
B33Y,SEL-024,웨이브피아,0.6666666666666666
B25J,SEL-026,마이크로인피니티,0.6666666666666666
B29C,SEL-024,웨이브피아,0.6666666666666666
B29L,SEL-076,삼현,0.6666666666666666
H02J,SEL-015,아이블포토닉스,0.6666666666666666
H05K,SEL-063,스텝랩,0.6666666666666666
B29C,SEL-076,삼현,0.6666666666666666
A61H,SEL-028,링크플로우,0.6666666666666666
H10W,SEL-009,에스오에스랩,0.6666666666666666
H10W,SEL-074,딥엑스,0.6666666666666666
G06V,SEL-060,이오시스템,0.65
F41H,SEL-078,센서뷰,0.6000000000000001
F42B,SEL-078,센서뷰,0.6000000000000001
F42C,SEL-078,센서뷰,0.6000000000000001
F41F,SEL-078,센서뷰,0.6000000000000001
G01M,SEL-030,니어스랩,0.6000000000000001
H04W,SEL-059,버넥트,0.5928571428571429
G05D,SEL-001,ANH스트럭쳐,0.5833333333333333
G01C,SEL-005,에스아이에이,0.5833333333333333
H04W,SEL-079,유큐브,0.5833333333333333
G01B,SEL-027,컨트로맥스,0.5833333333333333
F21V,SEL-011,대한광통신,0.5833333333333333
G01C,SEL-030,니어스랩,0.5833333333333333
F16F,SEL-030,니어스랩,0.5833333333333333
H04B,SEL-078,센서뷰,0.5833333333333333
G16H,SEL-040,펀진,0.5833333333333333
B29L,SEL-001,ANH스트럭쳐,0.5833333333333333
G08G,SEL-040,펀진,0.5833333333333333
B60W,SEL-026,마이크로인피니티,0.5833333333333333
B82Y,SEL-015,아이블포토닉스,0.5833333333333333
F22B,SEL-059,버넥트,0.5833333333333333
B25J,SEL-055,위플로,0.5833333333333333
G07F,SEL-068,인텔리빅스,0.5833333333333333
H04N,SEL-009,에스오에스랩,0.5833333333333333
H01C,SEL-038,아이스펙,0.5833333333333333
E05B,SEL-013,빅텍,0.5833333333333333
G16H,SEL-041,젠젠에이아이,0.5833333333333333
G09B,SEL-042,모라이,0.5833333333333333
G01S,SEL-015,아이블포토닉스,0.5833333333333333
G06Q,SEL-074,딥엑스,0.5333333333333333
A42B,SEL-060,이오시스템,0.5333333333333333
H04N,SEL-055,위플로,0.5333333333333333
G01D,SEL-016,스탠다드시험연구소,0.5333333333333333
H03H,SEL-007,웨이비스,0.5333333333333333
G01R,SEL-030,니어스랩,0.5333333333333333
H05K,SEL-007,웨이비스,0.5333333333333333
H04B,SEL-015,아이블포토닉스,0.5333333333333333
G06Q,SEL-037,두시텍,0.5333333333333333
H01R,SEL-076,삼현,0.5
G03B,SEL-036,솔탑,0.5
G03F,SEL-007,웨이비스,0.5
G01R,SEL-002,단암시스템즈,0.5
G01R,SEL-008,RFHIC,0.5
G01R,SEL-014,네스앤텍,0.5
H03M,SEL-060,이오시스템,0.5
H03M,SEL-077,케이알엠,0.5
H04B,SEL-026,마이크로인피니티,0.5
F28D,SEL-008,RFHIC,0.5
H01P,SEL-029,두타기술,0.5
H03L,SEL-024,웨이브피아,0.5
H03M,SEL-002,단암시스템즈,0.5
H03H,SEL-064,극동통신,0.5
H03K,SEL-071,마크애니,0.5
H03L,SEL-002,단암시스템즈,0.5
F24F,SEL-044,마키나락스,0.5
F25D,SEL-054,패리티,0.5
F16L,SEL-054,패리티,0.5
G06F,SEL-083,유저스,0.5
G06K,SEL-022,다비오,0.5
G06K,SEL-052,유뱃,0.5
H01P,SEL-002,단암시스템즈,0.5
F41F,SEL-076,삼현,0.5
H04B,SEL-029,두타기술,0.5
H04B,SEL-036,솔탑,0.5
H04B,SEL-066,스페이스맵,0.5
F03B,SEL-016,스탠다드시험연구소,0.5
F03H,SEL-036,솔탑,0.5
F04B,SEL-076,삼현,0.5
H04H,SEL-036,솔탑,0.5
H04H,SEL-040,펀진,0.5
H04J,SEL-061,휴라,0.5
H04K,SEL-002,단암시스템즈,0.5
H04L,SEL-003,제노코,0.5
F16B,SEL-063,스텝랩,0.5
F16C,SEL-031,파블로항공,0.5
G06K,SEL-082,이루온,0.5
G06N,SEL-011,대한광통신,0.5
F01M,SEL-076,삼현,0.5
F02B,SEL-062,삼영기계,0.5
C23C,SEL-047,웨이브로드,0.5
C23C,SEL-064,극동통신,0.5
C30B,SEL-046,옵토웰,0.5
C30B,SEL-052,유뱃,0.5
F16B,SEL-036,솔탑,0.5
H04L,SEL-026,마이크로인피니티,0.5
H04L,SEL-029,두타기술,0.5
E05D,SEL-060,이오시스템,0.5
H01M,SEL-073,아이쓰리시스템,0.5
F16D,SEL-027,컨트로맥스,0.5
C09J,SEL-036,솔탑,0.5
C12M,SEL-044,마키나락스,0.5
C22C,SEL-019,하나에이엠티,0.5
C01G,SEL-052,유뱃,0.5
E01F,SEL-001,ANH스트럭쳐,0.5
H04B,SEL-039,코모텍,0.5
E02F,SEL-072,써로마인드,0.5
H04L,SEL-069,데이터메이커,0.5
H04M,SEL-040,펀진,0.5
H04M,SEL-049,포멀웍스,0.5
G06N,SEL-061,휴라,0.5
G01S,SEL-022,다비오,0.5
H01L,SEL-047,웨이브로드,0.5
E05F,SEL-048,에이유,0.5
E05F,SEL-060,이오시스템,0.5
F01B,SEL-016,스탠다드시험연구소,0.5
B25J,SEL-022,다비오,0.5
H04N,SEL-017,우리별,0.5
C08G,SEL-015,아이블포토닉스,0.5
A47F,SEL-059,버넥트,0.5
C01B,SEL-008,RFHIC,0.5
C01B,SEL-015,아이블포토닉스,0.5
C01B,SEL-054,패리티,0.5
H10W,SEL-026,마이크로인피니티,0.5
H04N,SEL-005,에스아이에이,0.5
G06Q,SEL-024,웨이브피아,0.5
G09B,SEL-037,두시텍,0.5
G09B,SEL-082,이루온,0.5
G06Q,SEL-041,젠젠에이아이,0.5
G06Q,SEL-042,모라이,0.5
G06Q,SEL-043,코클,0.5
G08G,SEL-006,아이브스,0.5
H02K,SEL-074,딥엑스,0.5
G01P,SEL-015,아이블포토닉스,0.5
G08G,SEL-013,빅텍,0.5
G08G,SEL-030,니어스랩,0.5
G10H,SEL-006,아이브스,0.5
G06T,SEL-014,네스앤텍,0.5
H10D,SEL-013,빅텍,0.5
H04N,SEL-077,케이알엠,0.5
H10D,SEL-026,마이크로인피니티,0.5
B64D,SEL-058,덕산넵코어스,0.5
B64U,SEL-003,제노코,0.5
B64U,SEL-029,두타기술,0.5
A62C,SEL-019,하나에이엠티,0.5
B64U,SEL-040,펀진,0.5
B64U,SEL-042,모라이,0.5
E02D,SEL-078,센서뷰,0.5
B64D,SEL-003,제노코,0.5
H01C,SEL-024,웨이브피아,0.5
A62D,SEL-016,스탠다드시험연구소,0.5
H01F,SEL-078,센서뷰,0.5
G01N,SEL-051,소나테크,0.5
H10H,SEL-078,센서뷰,0.5
G04F,SEL-058,덕산넵코어스,0.5
G05D,SEL-017,우리별,0.5
G01N,SEL-056,삼정오토메이션,0.5
G01N,SEL-072,써로마인드,0.5
G02B,SEL-068,인텔리빅스,0.5
G02B,SEL-070,부전전자,0.5
G02B,SEL-073,아이쓰리시스템,0.5
H02K,SEL-016,스탠다드시험연구소,0.5
G01P,SEL-002,단암시스템즈,0.5
H02K,SEL-060,이오시스템,0.5
H04W,SEL-036,솔탑,0.5
H04W,SEL-051,소나테크,0.5
G01M,SEL-034,아이디케이,0.5
G08G,SEL-058,덕산넵코어스,0.5
G08G,SEL-065,나라스페이스 테크놀로지,0.5
B62B,SEL-076,삼현,0.5
A63B,SEL-071,마크애니,0.5
A63F,SEL-037,두시텍,0.5
H01B,SEL-047,웨이브로드,0.5
B64C,SEL-032,센서피아,0.5
B64C,SEL-040,펀진,0.5
B64C,SEL-076,삼현,0.5
B63B,SEL-001,ANH스트럭쳐,0.5
H04Q,SEL-011,대한광통신,0.5
B64C,SEL-026,마이크로인피니티,0.5
B01F,SEL-016,스탠다드시험연구소,0.5
B01J,SEL-008,RFHIC,0.5
G21D,SEL-083,유저스,0.5
G05D,SEL-075,라이온로보틱스,0.5
G01J,SEL-046,옵토웰,0.5
B60Q,SEL-077,케이알엠,0.5
G01K,SEL-007,웨이비스,0.5
B60S,SEL-076,삼현,0.5
B60T,SEL-076,삼현,0.5
H04W,SEL-072,써로마인드,0.5
H02M,SEL-002,단암시스템즈,0.5
H10N,SEL-019,하나에이엠티,0.5
G06T,SEL-066,스페이스맵,0.5
H02P,SEL-010,코모텍,0.5
H02P,SEL-026,마이크로인피니티,0.5
H04W,SEL-021,코난테크놀로지,0.5
H04W,SEL-022,다비오,0.5
H02S,SEL-017,우리별,0.5
G05B,SEL-026,마이크로인피니티,0.5
G05D,SEL-004,솔빛시스템,0.5
G08B,SEL-013,빅텍,0.5
G01C,SEL-059,버넥트,0.5
G07C,SEL-013,빅텍,0.5
H05B,SEL-011,대한광통신,0.5
H05F,SEL-070,부전전자,0.5
H05H,SEL-001,ANH스트럭쳐,0.5
G01C,SEL-077,케이알엠,0.5
B60C,SEL-013,빅텍,0.5
G06F,SEL-038,아이스펙,0.5
B60K,SEL-010,코모텍,0.5
B60L,SEL-012,영풍전자,0.5
G07C,SEL-044,마키나락스,0.5
G07C,SEL-055,위플로,0.5
H05K,SEL-038,아이스펙,0.5
H05K,SEL-046,옵토웰,0.5
G11C,SEL-025,쿠오핀,0.5
G12B,SEL-038,아이스펙,0.5
G16C,SEL-073,아이쓰리시스템,0.5
G16H,SEL-021,코난테크놀로지,0.5
G16H,SEL-036,솔탑,0.5
G05F,SEL-077,케이알엠,0.5
B60L,SEL-031,파블로항공,0.5
B60L,SEL-050,유비파이,0.5
G06F,SEL-003,제노코,0.5
B29L,SEL-002,단암시스템즈,0.5
H02S,SEL-063,스텝랩,0.5
H03B,SEL-047,웨이브로드,0.5
B32B,SEL-016,스탠다드시험연구소,0.5
B32B,SEL-036,솔탑,0.5
H02G,SEL-070,부전전자,0.5
H03F,SEL-002,단암시스템즈,0.5
H03F,SEL-013,빅텍,0.5
G01T,SEL-073,아이쓰리시스템,0.5
H03G,SEL-024,웨이브피아,0.5
G08B,SEL-043,코클,0.5
G08B,SEL-058,덕산넵코어스,0.5
H05K,SEL-060,이오시스템,0.5
G01D,SEL-077,케이알엠,0.5
G01F,SEL-016,스탠다드시험연구소,0.5
B22D,SEL-062,삼영기계,0.5
G05D,SEL-021,코난테크놀로지,0.5
B29C,SEL-011,대한광통신,0.5
G01N,SEL-023,인피닉,0.5
G01N,SEL-047,웨이브로드,0.5
H05K,SEL-036,솔탑,0.5
B04C,SEL-019,하나에이엠티,0.5
A61F,SEL-070,부전전자,0.5
A61G,SEL-010,코모텍,0.5
G01D,SEL-027,컨트로맥스,0.5
A61M,SEL-046,옵토웰,0.5
G01V,SEL-015,아이블포토닉스,0.5
G01V,SEL-023,인피닉,0.5
G01V,SEL-060,이오시스템,0.5
G01V,SEL-071,마크애니,0.5
G01V,SEL-083,유저스,0.5
G01C,SEL-004,솔빛시스템,0.5
A47L,SEL-022,다비오,0.5
G01C,SEL-029,두타기술,0.5
H03H,SEL-024,웨이브피아,0.5
H10W,SEL-013,빅텍,0.5
G01F,SEL-068,인텔리빅스,0.5
G01H,SEL-002,단암시스템즈,0.5
H02M,SEL-026,마이크로인피니티,0.5
G06F,SEL-024,웨이브피아,0.5
G10L,SEL-040,펀진,0.5
G01M,SEL-051,소나테크,0.5
G02B,SEL-035,심네트,0.5
G01M,SEL-067,텔레픽스,0.5
G01R,SEL-073,아이쓰리시스템,0.5
G01R,SEL-076,삼현,0.5
H02J,SEL-050,유비파이,0.5
H01Q,SEL-075,라이온로보틱스,0.5
G01S,SEL-067,텔레픽스,0.5
G01S,SEL-012,영풍전자,0.5
H01R,SEL-034,아이디케이,0.5
H01R,SEL-060,이오시스템,0.5
H10N,SEL-034,아이디케이,0.5
B64U,SEL-078,센서뷰,0.45
B63C,SEL-001,ANH스트럭쳐,0.45
B63B,SEL-012,영풍전자,0.45
G08B,SEL-005,에스아이에이,0.45
G07C,SEL-006,아이브스,0.45
B64C,SEL-078,센서뷰,0.45
B64D,SEL-036,솔탑,0.45
H04N,SEL-012,영풍전자,0.45
A63J,SEL-031,파블로항공,0.45
B64D,SEL-032,센서피아,0.41666666666666663
G06K,SEL-030,니어스랩,0.4
F16H,SEL-031,파블로항공,0.4
F16D,SEL-031,파블로항공,0.4
G01H,SEL-059,버넥트,0.39285714285714285
G09B,SEL-049,포멀웍스,0.39285714285714285
H10H,SEL-081,모아컴코리아,0.3666666666666667
H01R,SEL-081,모아컴코리아,0.3666666666666667
H10B,SEL-081,모아컴코리아,0.3666666666666667
H04R,SEL-006,아이브스,0.3666666666666667
B64D,SEL-009,에스오에스랩,0.3666666666666667
B64C,SEL-009,에스오에스랩,0.3666666666666667
G09G,SEL-081,모아컴코리아,0.3666666666666667
G09F,SEL-081,모아컴코리아,0.3666666666666667
G08B,SEL-003,제노코,0.3333333333333333
G08G,SEL-067,텔레픽스,0.3333333333333333
B25J,SEL-010,코모텍,0.3333333333333333
B24B,SEL-076,삼현,0.3333333333333333
B23P,SEL-076,삼현,0.3333333333333333
B06B,SEL-051,소나테크,0.3333333333333333
G08C,SEL-025,쿠오핀,0.3333333333333333
H10B,SEL-047,웨이브로드,0.3333333333333333
B07C,SEL-071,마크애니,0.3333333333333333
B22D,SEL-009,에스오에스랩,0.3333333333333333
G08G,SEL-017,우리별,0.3333333333333333
G08G,SEL-003,제노코,0.3333333333333333
G08C,SEL-065,나라스페이스 테크놀로지,0.3333333333333333
G08C,SEL-050,유비파이,0.3333333333333333
B43K,SEL-052,유뱃,0.3333333333333333
B60L,SEL-030,니어스랩,0.3333333333333333
B29D,SEL-070,부전전자,0.3333333333333333
B29L,SEL-070,부전전자,0.3333333333333333
B30B,SEL-002,단암시스템즈,0.3333333333333333
B32B,SEL-002,단암시스템즈,0.3333333333333333
G08C,SEL-006,아이브스,0.3333333333333333
G08C,SEL-016,스탠다드시험연구소,0.3333333333333333
G10L,SEL-082,이루온,0.3333333333333333
G11B,SEL-043,코클,0.3333333333333333
G12B,SEL-060,이오시스템,0.3333333333333333
G16C,SEL-051,소나테크,0.3333333333333333
G16C,SEL-071,마크애니,0.3333333333333333
G16H,SEL-072,써로마인드,0.3333333333333333
G16H,SEL-074,딥엑스,0.3333333333333333
H05H,SEL-008,RFHIC,0.3333333333333333
B60W,SEL-050,유비파이,0.3333333333333333
B60P,SEL-076,삼현,0.3333333333333333
B60R,SEL-009,에스오에스랩,0.3333333333333333
H04W,SEL-068,인텔리빅스,0.3333333333333333
G06T,SEL-043,코클,0.3333333333333333
H01F,SEL-032,센서피아,0.3333333333333333
H01F,SEL-015,아이블포토닉스,0.3333333333333333
G06T,SEL-050,유비파이,0.3333333333333333
G06V,SEL-079,유큐브,0.3333333333333333
G08B,SEL-021,코난테크놀로지,0.3333333333333333
H05B,SEL-078,센서뷰,0.3333333333333333
B60R,SEL-060,이오시스템,0.3333333333333333
B60R,SEL-026,마이크로인피니티,0.3333333333333333
G16H,SEL-068,인텔리빅스,0.3333333333333333
G07C,SEL-009,에스오에스랩,0.3333333333333333
G16Y,SEL-071,마크애니,0.3333333333333333
H04S,SEL-043,코클,0.3333333333333333
B64C,SEL-017,우리별,0.3333333333333333
B64C,SEL-050,유비파이,0.3333333333333333
B62L,SEL-076,삼현,0.3333333333333333
B64C,SEL-002,단암시스템즈,0.3333333333333333
G06V,SEL-049,포멀웍스,0.3333333333333333
H04W,SEL-025,쿠오핀,0.3333333333333333
H04W,SEL-012,영풍전자,0.3333333333333333
B64G,SEL-065,나라스페이스 테크놀로지,0.3333333333333333
G06Q,SEL-012,영풍전자,0.3333333333333333
G06N,SEL-079,유큐브,0.3333333333333333
G06Q,SEL-036,솔탑,0.3333333333333333
G06Q,SEL-083,유저스,0.3333333333333333
H04Q,SEL-017,우리별,0.3333333333333333
H04R,SEL-043,코클,0.3333333333333333
H04Q,SEL-025,쿠오핀,0.3333333333333333
B64F,SEL-029,두타기술,0.3333333333333333
H01J,SEL-007,웨이비스,0.3333333333333333
G06T,SEL-026,마이크로인피니티,0.3333333333333333
H04N,SEL-053,아이티사이언스,0.3333333333333333
B65D,SEL-016,스탠다드시험연구소,0.3333333333333333
B64U,SEL-079,유큐브,0.3333333333333333
B64U,SEL-027,컨트로맥스,0.3333333333333333
B23K,SEL-053,아이티사이언스,0.3333333333333333
B23K,SEL-011,대한광통신,0.3333333333333333
H05K,SEL-052,유뱃,0.3333333333333333
G10L,SEL-028,링크플로우,0.3333333333333333
G10K,SEL-043,코클,0.3333333333333333
A01K,SEL-068,인텔리빅스,0.3333333333333333
A42B,SEL-015,아이블포토닉스,0.3333333333333333
A45C,SEL-060,이오시스템,0.3333333333333333
H10P,SEL-010,코모텍,0.3333333333333333
B65G,SEL-076,삼현,0.3333333333333333
C01B,SEL-063,스텝랩,0.3333333333333333
G06N,SEL-034,아이디케이,0.3333333333333333
G06N,SEL-049,포멀웍스,0.3333333333333333
G06K,SEL-028,링크플로우,0.3333333333333333
G06N,SEL-055,위플로,0.3333333333333333
H01P,SEL-026,마이크로인피니티,0.3333333333333333
H01P,SEL-007,웨이비스,0.3333333333333333
H04N,SEL-046,옵토웰,0.3333333333333333
G06F,SEL-051,소나테크,0.3333333333333333
G05B,SEL-012,영풍전자,0.3333333333333333
C08K,SEL-060,이오시스템,0.3333333333333333
C22C,SEL-063,스텝랩,0.3333333333333333
H01R,SEL-064,극동통신,0.3333333333333333
C08J,SEL-015,아이블포토닉스,0.3333333333333333
C08K,SEL-015,아이블포토닉스,0.3333333333333333
C09D,SEL-054,패리티,0.3333333333333333
C09D,SEL-052,유뱃,0.3333333333333333
E04B,SEL-016,스탠다드시험연구소,0.3333333333333333
C08L,SEL-054,패리티,0.3333333333333333
C23C,SEL-063,스텝랩,0.3333333333333333
F01P,SEL-054,패리티,0.3333333333333333
H02H,SEL-030,니어스랩,0.3333333333333333
H01S,SEL-011,대한광통신,0.3333333333333333
G01W,SEL-068,인텔리빅스,0.3333333333333333
G02F,SEL-080,비이아이랩,0.3333333333333333
H01Q,SEL-030,니어스랩,0.3333333333333333
C21B,SEL-009,에스오에스랩,0.3333333333333333
C09K,SEL-063,스텝랩,0.3333333333333333
C09D,SEL-071,마크애니,0.3333333333333333
G05D,SEL-012,영풍전자,0.3333333333333333
C04B,SEL-008,RFHIC,0.3333333333333333
F16B,SEL-012,영풍전자,0.3333333333333333
H04L,SEL-058,덕산넵코어스,0.3333333333333333
F16B,SEL-060,이오시스템,0.3333333333333333
F16B,SEL-078,센서뷰,0.3333333333333333
H02J,SEL-052,유뱃,0.3333333333333333
H02J,SEL-038,아이스펙,0.3333333333333333
G01S,SEL-001,ANH스트럭쳐,0.3333333333333333
G01P,SEL-008,RFHIC,0.3333333333333333
G01R,SEL-047,웨이브로드,0.3333333333333333
G01R,SEL-027,컨트로맥스,0.3333333333333333
G01S,SEL-025,쿠오핀,0.3333333333333333
G01V,SEL-029,두타기술,0.3333333333333333
G01V,SEL-016,스탠다드시험연구소,0.3333333333333333
G01T,SEL-015,아이블포토닉스,0.3333333333333333
H04L,SEL-017,우리별,0.3333333333333333
G01R,SEL-058,덕산넵코어스,0.3333333333333333
H04L,SEL-009,에스오에스랩,0.3333333333333333
H04K,SEL-058,덕산넵코어스,0.3333333333333333
H04J,SEL-046,옵토웰,0.3333333333333333
H04J,SEL-058,덕산넵코어스,0.3333333333333333
H04H,SEL-071,마크애니,0.3333333333333333
F16P,SEL-053,아이티사이언스,0.3333333333333333
F16M,SEL-060,이오시스템,0.3333333333333333
F16L,SEL-078,센서뷰,0.3333333333333333
F16F,SEL-076,삼현,0.3333333333333333
F28B,SEL-016,스탠다드시험연구소,0.3333333333333333
G03B,SEL-063,스텝랩,0.3333333333333333
E04H,SEL-016,스탠다드시험연구소,0.3333333333333333
H04L,SEL-068,인텔리빅스,0.3333333333333333
H04L,SEL-065,나라스페이스 테크놀로지,0.3333333333333333
C09D,SEL-060,이오시스템,0.3333333333333333
G05B,SEL-072,써로마인드,0.3333333333333333
G01M,SEL-077,케이알엠,0.3333333333333333
H02N,SEL-070,부전전자,0.3333333333333333
H02P,SEL-070,부전전자,0.3333333333333333
H02S,SEL-005,에스아이에이,0.3333333333333333
G01K,SEL-026,마이크로인피니티,0.3333333333333333
G01L,SEL-015,아이블포토닉스,0.3333333333333333
G01N,SEL-060,이오시스템,0.3333333333333333
G01M,SEL-072,써로마인드,0.3333333333333333
H03F,SEL-034,아이디케이,0.3333333333333333
H03F,SEL-017,우리별,0.3333333333333333
G01K,SEL-008,RFHIC,0.3333333333333333
G01M,SEL-060,이오시스템,0.3333333333333333
G01R,SEL-012,영풍전자,0.3333333333333333
G01P,SEL-017,우리별,0.3333333333333333
H03F,SEL-073,아이쓰리시스템,0.3333333333333333
G01N,SEL-026,마이크로인피니티,0.3333333333333333
H04B,SEL-052,유뱃,0.3333333333333333
H04B,SEL-032,센서피아,0.3333333333333333
F41F,SEL-014,네스앤텍,0.3333333333333333
F41A,SEL-014,네스앤텍,0.3333333333333333
F28F,SEL-063,스텝랩,0.3333333333333333
H03H,SEL-070,부전전자,0.3333333333333333
H03H,SEL-026,마이크로인피니티,0.3333333333333333
H03H,SEL-015,아이블포토닉스,0.3333333333333333
G01C,SEL-014,네스앤텍,0.3333333333333333
G01C,SEL-006,아이브스,0.3333333333333333
G01B,SEL-077,케이알엠,0.3333333333333333
H03B,SEL-008,RFHIC,0.3333333333333333
G01J,SEL-070,부전전자,0.3333333333333333
G01J,SEL-036,솔탑,0.3333333333333333
G01L,SEL-077,케이알엠,0.3333333333333333
H04B,SEL-060,이오시스템,0.3333333333333333
G01C,SEL-040,펀진,0.3333333333333333
G01C,SEL-065,나라스페이스 테크놀로지,0.3333333333333333
G01C,SEL-082,이루온,0.3333333333333333
G01D,SEL-002,단암시스템즈,0.3333333333333333
G01B,SEL-036,솔탑,0.3333333333333333
F28D,SEL-063,스텝랩,0.3333333333333333
H03M,SEL-020,루미르,0.3333333333333333
F28D,SEL-016,스탠다드시험연구소,0.3333333333333333
F42B,SEL-058,덕산넵코어스,0.3333333333333333
F41J,SEL-053,아이티사이언스,0.3333333333333333
F41J,SEL-006,아이브스,0.3333333333333333
H03L,SEL-020,루미르,0.3333333333333333
F41H,SEL-021,코난테크놀로지,0.3333333333333333
F41G,SEL-053,아이티사이언스,0.3333333333333333
F41G,SEL-014,네스앤텍,0.3333333333333333
F41G,SEL-006,아이브스,0.3333333333333333
H10K,SEL-047,웨이브로드,0.3333333333333333
H10K,SEL-080,비이아이랩,0.3333333333333333
H10N,SEL-024,웨이브피아,0.3333333333333333
H10N,SEL-070,부전전자,0.3333333333333333
H03H,SEL-071,마크애니,0.3333333333333333
A61F,SEL-053,아이티사이언스,0.3333333333333333
A61B,SEL-074,딥엑스,0.3333333333333333
A61H,SEL-046,옵토웰,0.3333333333333333
A61B,SEL-072,써로마인드,0.3333333333333333
B01D,SEL-019,하나에이엠티,0.3333333333333333
G09B,SEL-078,센서뷰,0.3333333333333333
H10P,SEL-073,아이쓰리시스템,0.3333333333333333
H10P,SEL-024,웨이브피아,0.3333333333333333
H10P,SEL-011,대한광통신,0.3333333333333333
A61B,SEL-068,인텔리빅스,0.3333333333333333
A61B,SEL-012,영풍전자,0.3333333333333333
B64F,SEL-031,파블로항공,0.26785714285714285
G06K,SEL-031,파블로항공,0.26785714285714285
A61B,SEL-041,젠젠에이아이,0.25
A61B,SEL-052,유뱃,0.25
G09B,SEL-067,텔레픽스,0.25
G09B,SEL-071,마크애니,0.25
A62C,SEL-055,위플로,0.25
A61F,SEL-073,아이쓰리시스템,0.25
A61N,SEL-011,대한광통신,0.25
A61H,SEL-073,아이쓰리시스템,0.25
G01C,SEL-031,파블로항공,0.25
F41G,SEL-032,센서피아,0.25
G01H,SEL-015,아이블포토닉스,0.25
F21K,SEL-056,삼정오토메이션,0.25
G01J,SEL-023,인피닉,0.25
G01M,SEL-018,성신디펜스솔루션,0.25
F21W,SEL-016,스탠다드시험연구소,0.25
G01B,SEL-056,삼정오토메이션,0.25
F21V,SEL-016,스탠다드시험연구소,0.25
G01W,SEL-067,텔레픽스,0.25
F16F,SEL-036,솔탑,0.25
F02M,SEL-020,루미르,0.25
F04D,SEL-018,성신디펜스솔루션,0.25
H04L,SEL-042,모라이,0.25
E05C,SEL-012,영풍전자,0.25
G01R,SEL-038,아이스펙,0.25
H02J,SEL-055,위플로,0.25
F16C,SEL-036,솔탑,0.25
F16K,SEL-020,루미르,0.25
H02J,SEL-014,네스앤텍,0.25
G01S,SEL-031,파블로항공,0.25
F24H,SEL-073,아이쓰리시스템,0.25
G01K,SEL-052,유뱃,0.25
G01N,SEL-018,성신디펜스솔루션,0.25
G01N,SEL-019,하나에이엠티,0.25
G01G,SEL-023,인피닉,0.25
G02B,SEL-074,딥엑스,0.25
G01W,SEL-006,아이브스,0.25
G03B,SEL-016,스탠다드시험연구소,0.25
G03B,SEL-040,펀진,0.25
E05D,SEL-012,영풍전자,0.25
G06Q,SEL-058,덕산넵코어스,0.25
B64F,SEL-003,제노코,0.25
G06T,SEL-019,하나에이엠티,0.25
B63B,SEL-056,삼정오토메이션,0.25
C01F,SEL-080,비이아이랩,0.25
B65H,SEL-023,인피닉,0.25
G06K,SEL-060,이오시스템,0.25
H01M,SEL-019,하나에이엠티,0.25
G06N,SEL-058,덕산넵코어스,0.25
H04N,SEL-016,스탠다드시험연구소,0.25
G06K,SEL-079,유큐브,0.25
E02B,SEL-051,소나테크,0.25
C22F,SEL-019,하나에이엠티,0.25
C08L,SEL-001,ANH스트럭쳐,0.25
C08J,SEL-001,ANH스트럭쳐,0.25
C01B,SEL-080,비이아이랩,0.25
B66D,SEL-056,삼정오토메이션,0.25
G05D,SEL-055,위플로,0.25
G05D,SEL-061,휴라,0.25
F01D,SEL-018,성신디펜스솔루션,0.25
G05B,SEL-001,ANH스트럭쳐,0.25
G06F,SEL-060,이오시스템,0.25
H04M,SEL-059,버넥트,0.25
H02G,SEL-014,네스앤텍,0.25
C23G,SEL-019,하나에이엠티,0.25
H10W,SEL-036,솔탑,0.25
G09B,SEL-059,버넥트,0.25
A47K,SEL-073,아이쓰리시스템,0.25
B21B,SEL-019,하나에이엠티,0.25
H10F,SEL-036,솔탑,0.25
A61B,SEL-011,대한광통신,0.25
B22F,SEL-078,센서뷰,0.25
G08B,SEL-038,아이스펙,0.25
B23K,SEL-020,루미르,0.25
B24B,SEL-020,루미르,0.25
B41M,SEL-071,마크애니,0.25
B33Y,SEL-078,센서뷰,0.25
G07C,SEL-068,인텔리빅스,0.25
G07F,SEL-013,빅텍,0.25
G10L,SEL-072,써로마인드,0.25
G10K,SEL-015,아이블포토닉스,0.25
G08C,SEL-052,유뱃,0.25
G09B,SEL-005,에스아이에이,0.25
A01M,SEL-003,제노코,0.25
B62D,SEL-077,케이알엠,0.25
B60R,SEL-068,인텔리빅스,0.25
B60R,SEL-072,써로마인드,0.25
G16Y,SEL-079,유큐브,0.25
B60L,SEL-014,네스앤텍,0.25
B60M,SEL-014,네스앤텍,0.25
G07C,SEL-026,마이크로인피니티,0.25
B62D,SEL-068,인텔리빅스,0.25
B62D,SEL-026,마이크로인피니티,0.25
B60W,SEL-072,써로마인드,0.25
G06Q,SEL-051,소나테크,0.25
H01Q,SEL-001,ANH스트럭쳐,0.25
B64U,SEL-077,케이알엠,0.25
G06K,SEL-040,펀진,0.25
G06F,SEL-041,젠젠에이아이,0.25
B64C,SEL-003,제노코,0.25
B64C,SEL-061,휴라,0.25
B29B,SEL-001,ANH스트럭쳐,0.25
B29B,SEL-078,센서뷰,0.25
G08B,SEL-059,버넥트,0.25
B29C,SEL-078,센서뷰,0.25
G11B,SEL-023,인피닉,0.25
G08B,SEL-065,나라스페이스 테크놀로지,0.25
G08G,SEL-076,삼현,0.25
G07G,SEL-023,인피닉,0.25
G16Y,SEL-082,이루온,0.25
G06T,SEL-061,휴라,0.25
G06T,SEL-058,덕산넵코어스,0.25
G06V,SEL-037,두시텍,0.25
H04W,SEL-042,모라이,0.25
B64D,SEL-008,RFHIC,0.2
G01J,SEL-079,유큐브,0.2
F41F,SEL-001,ANH스트럭쳐,0.2
F41B,SEL-001,ANH스트럭쳐,0.2
F42B,SEL-031,파블로항공,0.2
F42B,SEL-030,니어스랩,0.2
G01G,SEL-067,텔레픽스,0.2
F41F,SEL-031,파블로항공,0.2
F41A,SEL-001,ANH스트럭쳐,0.2
G01K,SEL-016,스탠다드시험연구소,0.2
G01L,SEL-055,위플로,0.2
G09B,SEL-068,인텔리빅스,0.2
F21Y,SEL-079,유큐브,0.2
G01S,SEL-034,아이디케이,0.2
E05F,SEL-001,ANH스트럭쳐,0.2
G03H,SEL-031,파블로항공,0.2
G03B,SEL-031,파블로항공,0.2
G06V,SEL-012,영풍전자,0.2
G08G,SEL-055,위플로,0.2
B25J,SEL-031,파블로항공,0.2
G08B,SEL-040,펀진,0.2
A01G,SEL-079,유큐브,0.2
B60L,SEL-008,RFHIC,0.2
B60R,SEL-040,펀진,0.2
H04W,SEL-005,에스아이에이,0.2
G06V,SEL-029,두타기술,0.2
G06T,SEL-048,에이유,0.2
G06V,SEL-031,파블로항공,0.2
H01M,SEL-008,RFHIC,0.2
G06Q,SEL-055,위플로,0.2
B64D,SEL-054,패리티,0.2
G06Q,SEL-079,유큐브,0.2
H04N,SEL-079,유큐브,0.2
B64U,SEL-054,패리티,0.2
B64U,SEL-074,딥엑스,0.2
B64U,SEL-009,에스오에스랩,0.2
G06T,SEL-029,두타기술,0.2
B64U,SEL-008,RFHIC,0.2
G05B,SEL-031,파블로항공,0.2
B64C,SEL-008,RFHIC,0.2
G06F,SEL-015,아이블포토닉스,0.2
E02D,SEL-034,아이디케이,0.2
G05D,SEL-060,이오시스템,0.2
G06F,SEL-013,빅텍,0.2
G05D,SEL-078,센서뷰,0.2
G06N,SEL-012,영풍전자,0.2
H04Q,SEL-016,스탠다드시험연구소,0.2
B64C,SEL-054,패리티,0.2
H04W,SEL-013,빅텍,0.2
B60W,SEL-040,펀진,0.2
G07C,SEL-023,인피닉,0.2
G16Y,SEL-040,펀진,0.2
G06V,SEL-048,에이유,0.2
G16Y,SEL-034,아이디케이,0.2
G06T,SEL-034,아이디케이,0.16666666666666666
G01L,SEL-002,단암시스템즈,0.16666666666666666
G06Q,SEL-005,에스아이에이,0.16666666666666666
G01G,SEL-031,파블로항공,0.16666666666666666
G01B,SEL-002,단암시스템즈,0.16666666666666666
A61B,SEL-078,센서뷰,0.16666666666666666
G01W,SEL-034,아이디케이,0.16666666666666666
H02S,SEL-055,위플로,0.16666666666666666
F21Y,SEL-046,옵토웰,0.16666666666666666
F21V,SEL-046,옵토웰,0.16666666666666666
F21K,SEL-046,옵토웰,0.16666666666666666
G08C,SEL-032,센서피아,0.16666666666666666
G16H,SEL-078,센서뷰,0.16666666666666666
G06Q,SEL-006,아이브스,0.16666666666666666
G06Q,SEL-014,네스앤텍,0.16666666666666666
H04N,SEL-078,센서뷰,0.16666666666666666
G06N,SEL-032,센서피아,0.16666666666666666
H04M,SEL-078,센서뷰,0.16666666666666666
G06T,SEL-077,케이알엠,0.16666666666666666
A01K,SEL-078,센서뷰,0.16666666666666666
G08B,SEL-077,케이알엠,0.16666666666666666
H05B,SEL-046,옵토웰,0.16666666666666666
G06V,SEL-077,케이알엠,0.16666666666666666
G02B,SEL-049,포멀웍스,0.14285714285714285
F41A,SEL-049,포멀웍스,0.14285714285714285
B64U,SEL-049,포멀웍스,0.14285714285714285
H04W,SEL-049,포멀웍스,0.14285714285714285
