cohort,relative_selection_year,n
1,-22,3
1,-21,4
1,-20,3
1,-19,11
1,-18,7
1,-17,8
1,-16,8
1,-15,12
1,-14,7
1,-13,14
1,-12,14
1,-11,24
1,-10,17
1,-9,16
1,-8,29
1,-7,26
1,-6,34
1,-5,46
1,-4,51
1,-3,57
1,-2,75
1,-1,106
1,0,52
1,1,64
1,2,56
1,3,34
1,4,6
2,-24,1
2,-23,2
2,-22,4
2,-21,2
2,-19,3
2,-18,13
2,-17,4
2,-16,10
2,-15,11
2,-14,9
2,-13,13
2,-12,7
2,-11,4
2,-10,8
2,-9,5
2,-8,7
2,-7,17
2,-6,24
2,-5,37
2,-4,30
2,-3,35
2,-2,155
2,-1,65
2,0,45
2,1,67
2,2,34
2,3,11
3,-25,2
3,-24,6
3,-23,11
3,-22,4
3,-21,11
3,-20,12
3,-18,3
3,-17,9
3,-16,9
3,-15,6
3,-14,13
3,-13,23
3,-12,25
3,-11,20
3,-10,28
3,-9,18
3,-8,18
3,-7,28
3,-6,50
3,-5,59
3,-4,100
3,-3,103
3,-2,118
3,-1,137
3,0,140
3,1,62
3,2,10
4,-29,2
4,-28,2
4,-27,6
4,-26,5
4,-25,9
4,-24,42
4,-23,34
4,-22,28
4,-21,54
4,-20,31
4,-19,27
4,-18,19
4,-17,38
4,-16,20
4,-15,21
4,-14,21
4,-13,20
4,-12,29
4,-11,27
4,-10,27
4,-9,38
4,-8,38
4,-7,57
4,-6,70
4,-5,78
4,-4,83
4,-3,87
4,-2,104
4,-1,110
4,0,57
4,1,8
