field_official,ipc_subclass,full_count,fractional_count,field_share_pct
기타,A01G,3,1.8333333333333333,0.40204678362573093
기타,A42B,3,0.8666666666666667,0.19005847953216376
기타,A45C,1,0.3333333333333333,0.07309941520467836
기타,A47F,1,0.5,0.10964912280701754
기타,A61B,17,8.95,1.9627192982456139
기타,A61N,3,2.0,0.43859649122807015
기타,A62C,19,8.116666666666667,1.7799707602339183
기타,A62D,1,0.5,0.10964912280701754
기타,B01D,3,1.0,0.21929824561403508
기타,B01F,1,0.5,0.10964912280701754
기타,B01J,2,0.8333333333333333,0.18274853801169588
기타,B06B,3,1.0833333333333333,0.23757309941520466
기타,B07C,1,1.0,0.21929824561403508
기타,B08B,4,1.5333333333333332,0.3362573099415204
기타,B21D,1,1.0,0.21929824561403508
기타,B22D,1,0.5,0.10964912280701754
기타,B23K,3,2.0,0.43859649122807015
기타,B25J,4,1.75,0.38377192982456143
기타,B32B,1,0.5,0.10964912280701754
기타,B60R,1,0.3333333333333333,0.07309941520467836
기타,B60W,2,1.5,0.32894736842105265
기타,B63B,1,0.25,0.05482456140350877
기타,B63H,3,1.5,0.32894736842105265
기타,B63J,3,1.5,0.32894736842105265
기타,B64C,5,1.45,0.31798245614035087
기타,B64D,1,0.5,0.10964912280701754
기타,B64U,6,2.6166666666666667,0.5738304093567251
기타,B65D,1,0.3333333333333333,0.07309941520467836
기타,B66D,1,0.25,0.05482456140350877
기타,B82Y,2,0.5833333333333333,0.12792397660818713
기타,C01B,1,0.5,0.10964912280701754
기타,C01G,1,1.0,0.21929824561403508
기타,C07D,2,2.0,0.43859649122807015
기타,C08F,2,1.5,0.32894736842105265
기타,C08G,1,0.5,0.10964912280701754
기타,C08J,1,0.3333333333333333,0.07309941520467836
기타,C08K,2,0.6666666666666666,0.14619883040935672
기타,C08L,2,0.8333333333333333,0.18274853801169588
기타,C09D,1,0.3333333333333333,0.07309941520467836
기타,C21D,1,1.0,0.21929824561403508
기타,C23C,2,1.5,0.32894736842105265
기타,C30B,6,4.666666666666666,1.023391812865497
기타,E02D,1,0.2,0.043859649122807015
기타,E04B,1,0.3333333333333333,0.07309941520467836
기타,E04H,1,0.3333333333333333,0.07309941520467836
기타,E05D,1,0.5,0.10964912280701754
기타,E05F,1,0.5,0.10964912280701754
기타,E06B,1,1.0,0.21929824561403508
기타,F01B,1,0.5,0.10964912280701754
기타,F01D,1,0.25,0.05482456140350877
기타,F02B,1,0.5,0.10964912280701754
기타,F02C,5,2.5,0.5482456140350878
기타,F02F,4,3.0,0.6578947368421053
기타,F02M,2,1.0,0.21929824561403508
기타,F03B,1,0.5,0.10964912280701754
기타,F04B,2,1.3333333333333333,0.29239766081871343
기타,F04D,1,0.25,0.05482456140350877
기타,F16B,1,0.3333333333333333,0.07309941520467836
기타,F16C,4,4.0,0.8771929824561403
기타,F16H,1,1.0,0.21929824561403508
기타,F16K,5,2.8333333333333335,0.6213450292397662
기타,F16M,2,1.3333333333333333,0.29239766081871343
기타,F17C,2,1.0,0.21929824561403508
기타,F21K,1,0.25,0.05482456140350877
기타,F21V,1,0.25,0.05482456140350877
기타,F21W,1,0.25,0.05482456140350877
기타,F22B,2,0.5833333333333333,0.12792397660818713
기타,F24F,3,1.5,0.32894736842105265
기타,F28B,1,0.3333333333333333,0.07309941520467836
기타,F28D,1,0.3333333333333333,0.07309941520467836
기타,F41A,4,2.6666666666666665,0.5847953216374269
기타,F41C,3,1.3333333333333333,0.29239766081871343
기타,F41G,33,20.2,4.4298245614035086
기타,F41H,3,1.0333333333333332,0.22660818713450287
기타,F42B,1,0.3333333333333333,0.07309941520467836
기타,G01B,25,9.1,1.9956140350877194
기타,G01C,10,4.666666666666667,1.023391812865497
기타,G01D,7,2.3666666666666667,0.5190058479532164
기타,G01F,1,0.5,0.10964912280701754
기타,G01H,7,1.976190476190476,0.43337510442773597
기타,G01J,14,9.166666666666666,2.010233918128655
기타,G01K,1,0.2,0.043859649122807015
기타,G01L,1,0.3333333333333333,0.07309941520467836
기타,G01M,10,4.25,0.9320175438596491
기타,G01N,45,23.716666666666665,5.201023391812865
기타,G01P,4,1.5333333333333332,0.3362573099415204
기타,G01R,13,7.416666666666666,1.6264619883040934
기타,G01S,49,28.9,6.337719298245614
기타,G01T,5,1.8333333333333333,0.40204678362573093
기타,G01V,3,1.3333333333333333,0.29239766081871343
기타,G01W,1,0.16666666666666666,0.03654970760233918
기타,G02B,54,27.95,6.129385964912281
기타,G02F,3,1.5,0.32894736842105265
기타,G03B,16,6.283333333333333,1.3779239766081872
기타,G04B,2,0.6666666666666666,0.14619883040935672
기타,G04C,2,1.5,0.32894736842105265
기타,G04F,1,0.5,0.10964912280701754
기타,G04G,4,1.4166666666666665,0.31067251461988304
기타,G04R,2,0.75,0.16447368421052633
기타,G05B,4,0.8928571428571428,0.1958020050125313
기타,G05D,5,1.6166666666666667,0.35453216374269003
기타,G06F,43,15.716666666666667,3.446637426900585
기타,G06K,10,3.9166666666666665,0.8589181286549706
기타,G06N,15,6.0095238095238095,1.3178780284043443
기타,G06Q,46,17.742857142857144,3.8909774436090228
기타,G06T,75,35.40952380952381,7.765246449456976
기타,G06V,17,6.316666666666666,1.3852339181286548
기타,G08B,17,6.116666666666666,1.3413742690058479
기타,G08C,7,3.0666666666666664,0.6725146198830408
기타,G08G,2,0.8333333333333333,0.18274853801169588
기타,G09B,7,2.75,0.6030701754385965
기타,G10K,1,0.25,0.05482456140350877
기타,G10L,3,0.8666666666666667,0.19005847953216376
기타,G12B,1,0.3333333333333333,0.07309941520467836
기타,G16Y,1,0.2,0.043859649122807015
기타,G21C,16,6.916666666666666,1.5168128654970758
기타,G21D,16,7.833333333333333,1.7178362573099413
기타,G21F,5,1.8333333333333333,0.40204678362573093
기타,G21G,2,0.6666666666666666,0.14619883040935672
기타,G21K,2,0.6666666666666666,0.14619883040935672
기타,H01B,1,1.0,0.21929824561403508
기타,H01F,1,0.3333333333333333,0.07309941520467836
기타,H01G,3,2.5,0.5482456140350878
기타,H01J,2,0.7,0.15350877192982457
기타,H01L,6,2.2,0.48245614035087725
기타,H01M,12,6.833333333333333,1.4985380116959062
기타,H01Q,10,7.0,1.5350877192982457
기타,H01R,3,2.0,0.43859649122807015
기타,H02J,4,1.3666666666666667,0.29970760233918126
기타,H02K,3,2.0,0.43859649122807015
기타,H02N,7,4.0,0.8771929824561403
기타,H02S,1,0.5,0.10964912280701754
기타,H03F,2,0.6666666666666666,0.14619883040935672
기타,H03H,1,0.3333333333333333,0.07309941520467836
기타,H03M,1,0.5,0.10964912280701754
기타,H04B,13,6.366666666666666,1.3961988304093567
기타,H04J,2,0.8333333333333333,0.18274853801169588
기타,H04K,1,0.3333333333333333,0.07309941520467836
기타,H04L,6,1.8928571428571428,0.4151002506265664
기타,H04M,3,2.25,0.4934210526315789
기타,H04N,31,14.533333333333333,3.1871345029239766
기타,H04Q,2,0.5333333333333333,0.11695906432748539
기타,H04R,7,4.283333333333333,0.9393274853801169
기타,H04W,8,3.842857142857143,0.8427318295739348
기타,H05K,6,4.5,0.9868421052631579
기타,H10N,18,12.5,2.741228070175439
기타,H10P,2,1.5,0.32894736842105265
드론,A01G,1,0.2,0.028169014084507043
드론,A01K,3,2.1666666666666665,0.30516431924882625
드론,A61B,4,1.0,0.14084507042253522
드론,A61F,1,0.3333333333333333,0.04694835680751173
드론,A61G,3,1.5,0.2112676056338028
드론,A61N,1,0.25,0.035211267605633804
드론,A62C,1,0.25,0.035211267605633804
드론,A63J,2,0.45,0.06338028169014084
드론,B01D,5,2.333333333333333,0.32863849765258213
드론,B05D,1,1.0,0.14084507042253522
드론,B06B,1,0.3333333333333333,0.04694835680751173
드론,B22F,1,0.25,0.035211267605633804
드론,B23K,3,1.6666666666666665,0.23474178403755866
드론,B25B,1,1.0,0.14084507042253522
드론,B25J,4,1.1166666666666667,0.1572769953051643
드론,B29B,1,0.25,0.035211267605633804
드론,B29C,2,0.75,0.1056338028169014
드론,B32B,2,1.0,0.14084507042253522
드론,B33Y,1,0.25,0.035211267605633804
드론,B43K,1,0.3333333333333333,0.04694835680751173
드론,B60C,5,1.5833333333333333,0.22300469483568072
드론,B60K,1,0.5,0.07042253521126761
드론,B60L,7,3.5833333333333335,0.5046948356807512
드론,B60M,1,0.25,0.035211267605633804
드론,B60W,1,0.3333333333333333,0.04694835680751173
드론,B62H,3,0.7833333333333333,0.11032863849765258
드론,B63B,7,2.95,0.4154929577464789
드론,B63C,2,1.5,0.2112676056338028
드론,B64C,74,20.360714285714284,2.8677062374245472
드론,B64D,50,15.508333333333333,2.1842723004694835
드론,B64F,30,8.086904761904762,1.1390006706908116
드론,B64U,104,33.60357142857143,4.732897384305835
드론,B65H,2,1.0,0.14084507042253522
드론,C01B,2,0.75,0.1056338028169014
드론,C01F,1,0.25,0.035211267605633804
드론,C01G,1,0.5,0.07042253521126761
드론,C03B,25,18.333333333333332,2.5821596244131455
드론,C03C,3,1.5,0.2112676056338028
드론,C08L,1,0.3333333333333333,0.04694835680751173
드론,C09C,2,0.6666666666666666,0.09389671361502346
드론,C09D,2,0.6666666666666666,0.09389671361502346
드론,C23C,9,7.333333333333333,1.032863849765258
드론,C30B,1,0.5,0.07042253521126761
드론,E02B,1,0.25,0.035211267605633804
드론,E02D,1,0.5,0.07042253521126761
드론,E05B,2,0.5833333333333333,0.08215962441314553
드론,E05C,1,0.25,0.035211267605633804
드론,E05D,1,0.25,0.035211267605633804
드론,F01P,1,0.3333333333333333,0.04694835680751173
드론,F03D,12,2.8095238095238093,0.3957075788061703
드론,F04D,1,1.0,0.14084507042253522
드론,F16B,3,1.6666666666666665,0.23474178403755866
드론,F16C,2,0.5,0.07042253521126761
드론,F16D,2,0.4,0.056338028169014086
드론,F16F,2,0.5833333333333333,0.08215962441314553
드론,F16H,2,0.4,0.056338028169014086
드론,F16L,2,0.8333333333333333,0.11737089201877933
드론,F16P,1,0.3333333333333333,0.04694835680751173
드론,F17C,14,8.7,1.2253521126760563
드론,F21V,2,0.5833333333333333,0.08215962441314553
드론,F21Y,1,0.2,0.028169014084507043
드론,F25B,4,1.5,0.2112676056338028
드론,F25D,1,0.5,0.07042253521126761
드론,F25J,20,15.5,2.183098591549296
드론,F41A,1,0.3333333333333333,0.04694835680751173
드론,F41F,5,1.1333333333333333,0.1596244131455399
드론,F41G,10,2.316666666666667,0.3262910798122066
드론,F41H,16,3.8333333333333335,0.539906103286385
드론,F41J,1,0.3333333333333333,0.04694835680751173
드론,F42B,12,3.5833333333333335,0.5046948356807512
드론,F42C,6,1.9333333333333333,0.27230046948356806
드론,G01B,4,1.0833333333333333,0.15258215962441313
드론,G01C,15,5.666666666666667,0.7981220657276996
드론,G01D,6,1.0857142857142859,0.15291750503018112
드론,G01F,2,1.0,0.14084507042253522
드론,G01G,1,0.16666666666666666,0.023474178403755864
드론,G01H,8,2.219047619047619,0.312541918175721
드론,G01J,7,1.6261904761904762,0.2290409121395037
드론,G01K,1,0.25,0.035211267605633804
드론,G01L,10,5.45,0.7676056338028169
드론,G01M,18,5.192857142857143,0.7313883299798793
드론,G01N,14,5.876190476190476,0.8276324614352782
드론,G01P,4,1.6666666666666665,0.23474178403755866
드론,G01R,25,12.902380952380952,1.817236753856472
드론,G01S,55,31.942857142857143,4.498993963782696
드론,G01V,6,2.583333333333333,0.36384976525821594
드론,G02B,47,39.166666666666664,5.516431924882629
드론,G02F,1,0.3333333333333333,0.04694835680751173
드론,G03B,10,2.7595238095238095,0.3886653252850436
드론,G03H,1,0.2,0.028169014084507043
드론,G05B,5,2.1166666666666667,0.2981220657276995
드론,G05D,64,18.034523809523808,2.5400737759892684
드론,G05G,2,1.5,0.2112676056338028
드론,G06F,30,10.582142857142857,1.4904426559356139
드론,G06K,16,6.28452380952381,0.8851441985244802
드론,G06N,11,3.0166666666666666,0.42488262910798125
드론,G06Q,58,22.35,3.147887323943662
드론,G06T,42,16.423809523809524,2.3132126089872567
드론,G06V,25,7.383333333333334,1.039906103286385
드론,G07C,2,1.0,0.14084507042253522
드론,G07F,1,0.25,0.035211267605633804
드론,G08B,4,1.75,0.24647887323943662
드론,G08C,5,1.5,0.2112676056338028
드론,G08G,14,6.4678571428571425,0.9109657947686116
드론,G09B,4,1.8333333333333333,0.2582159624413145
드론,G09F,4,1.3666666666666667,0.1924882629107981
드론,G09G,2,0.3666666666666667,0.05164319248826292
드론,G10L,1,0.3333333333333333,0.04694835680751173
드론,G16C,1,0.3333333333333333,0.04694835680751173
드론,G16H,1,0.16666666666666666,0.023474178403755864
드론,G16Y,2,0.5,0.07042253521126761
드론,H01B,15,9.166666666666666,1.2910798122065728
드론,H01F,2,0.8333333333333333,0.11737089201877933
드론,H01G,8,4.0,0.5633802816901409
드론,H01M,64,50.36666666666667,7.093896713615024
드론,H01P,16,13.0,1.8309859154929577
드론,H01Q,55,45.05,6.345070422535211
드론,H01R,40,35.2,4.95774647887324
드론,H01S,1,0.3333333333333333,0.04694835680751173
드론,H02G,7,2.833333333333333,0.39906103286384975
드론,H02H,4,2.3333333333333335,0.3286384976525822
드론,H02J,6,2.8333333333333335,0.3990610328638498
드론,H02K,14,12.833333333333334,1.807511737089202
드론,H02M,3,3.0,0.4225352112676056
드론,H02P,1,0.5,0.07042253521126761
드론,H02S,1,0.16666666666666666,0.023474178403755864
드론,H03F,1,0.5,0.07042253521126761
드론,H03H,2,0.6666666666666666,0.09389671361502346
드론,H03K,2,1.5,0.2112676056338028
드론,H04B,16,9.333333333333334,1.3145539906103287
드론,H04K,8,3.033333333333333,0.42723004694835676
드론,H04L,34,20.083333333333332,2.828638497652582
드론,H04M,29,15.083333333333334,2.1244131455399065
드론,H04N,28,9.483333333333333,1.3356807511737088
드론,H04Q,3,2.5,0.352112676056338
드론,H04R,2,1.3333333333333333,0.1877934272300469
드론,H04W,65,34.61666666666667,4.875586854460094
드론,H05B,3,1.8333333333333333,0.2582159624413145
드론,H05K,11,6.5,0.9154929577464789
드론,H10B,2,0.3666666666666667,0.05164319248826292
드론,H10D,1,0.5,0.07042253521126761
드론,H10H,3,0.8666666666666667,0.12206572769953053
드론,H10K,1,0.3333333333333333,0.04694835680751173
드론,H10N,2,0.6666666666666666,0.09389671361502346
드론,H10P,6,4.666666666666667,0.6572769953051644
드론,H10W,1,0.5,0.07042253521126761
로봇,A01D,1,1.0,0.28169014084507044
로봇,A61B,3,3.0,0.8450704225352113
로봇,A61F,2,0.6666666666666666,0.1877934272300469
로봇,A61H,2,0.6666666666666666,0.1877934272300469
로봇,B21D,2,2.0,0.5633802816901409
로봇,B21F,1,1.0,0.28169014084507044
로봇,B22D,1,0.3333333333333333,0.09389671361502346
로봇,B23P,1,0.3333333333333333,0.09389671361502346
로봇,B24B,1,0.3333333333333333,0.09389671361502346
로봇,B25J,5,1.5833333333333333,0.44600938967136144
로봇,B29C,2,0.6666666666666666,0.1877934272300469
로봇,B29L,2,0.6666666666666666,0.1877934272300469
로봇,B60L,4,1.75,0.49295774647887325
로봇,B60P,1,0.3333333333333333,0.09389671361502346
로봇,B60Q,1,0.5,0.14084507042253522
로봇,B60R,9,3.3666666666666667,0.9483568075117371
로봇,B60S,1,0.5,0.14084507042253522
로봇,B60T,1,0.5,0.14084507042253522
로봇,B60W,14,5.95,1.676056338028169
로봇,B62B,1,0.5,0.14084507042253522
로봇,B62D,2,0.5,0.14084507042253522
로봇,B62J,2,0.8333333333333333,0.23474178403755866
로봇,B62K,3,1.1666666666666665,0.32863849765258213
로봇,B62L,1,0.3333333333333333,0.09389671361502346
로봇,B62M,8,3.6666666666666665,1.032863849765258
로봇,B64C,20,7.783333333333333,2.192488262910798
로봇,B64D,15,4.45,1.2535211267605635
로봇,B64U,9,2.2595238095238095,0.636485580147552
로봇,B65G,1,0.3333333333333333,0.09389671361502346
로봇,B66C,6,3.0,0.8450704225352113
로봇,B81B,3,1.3333333333333333,0.3755868544600938
로봇,B81C,2,1.0,0.28169014084507044
로봇,C21B,1,0.3333333333333333,0.09389671361502346
로봇,E05F,1,0.5,0.14084507042253522
로봇,F01M,1,0.5,0.14084507042253522
로봇,F04B,1,0.5,0.14084507042253522
로봇,F04C,3,2.5,0.704225352112676
로봇,F16C,2,0.8333333333333333,0.23474178403755866
로봇,F16D,3,1.5,0.4225352112676056
로봇,F16F,1,0.3333333333333333,0.09389671361502346
로봇,F16H,14,9.166666666666666,2.5821596244131455
로봇,F41A,5,2.9761904761904763,0.8383635144198526
로봇,F41F,1,0.5,0.14084507042253522
로봇,F41H,2,0.6666666666666666,0.1877934272300469
로봇,G01B,5,1.75,0.49295774647887325
로봇,G01C,12,6.583333333333333,1.8544600938967133
로봇,G01D,3,1.0,0.28169014084507044
로봇,G01J,9,3.0,0.8450704225352113
로봇,G01K,1,0.3333333333333333,0.09389671361502346
로봇,G01L,3,1.1666666666666665,0.32863849765258213
로봇,G01M,6,2.6666666666666665,0.7511737089201876
로봇,G01N,1,0.3333333333333333,0.09389671361502346
로봇,G01P,6,2.6666666666666665,0.7511737089201876
로봇,G01R,2,0.8333333333333333,0.23474178403755866
로봇,G01S,157,94.15,26.52112676056338
로봇,G02B,48,21.25952380952381,5.98859825620389
로봇,G03B,5,3.0,0.8450704225352113
로봇,G05B,2,1.5,0.4225352112676056
로봇,G05D,18,7.25,2.0422535211267605
로봇,G05F,1,0.5,0.14084507042253522
로봇,G06F,39,28.083333333333332,7.910798122065727
로봇,G06K,3,1.3333333333333333,0.3755868544600938
로봇,G06N,8,3.0,0.8450704225352113
로봇,G06Q,14,5.642857142857142,1.58953722334004
로봇,G06T,19,8.092857142857143,2.2796780684104627
로봇,G06V,9,2.7,0.7605633802816901
로봇,G07C,2,0.5833333333333333,0.16431924882629106
로봇,G08B,3,1.0,0.28169014084507044
로봇,G08G,4,1.25,0.352112676056338
로봇,G09B,2,0.39285714285714285,0.11066398390342053
로봇,G10L,3,1.3333333333333333,0.3755868544600938
로봇,H01H,1,1.0,0.28169014084507044
로봇,H01M,2,1.0,0.28169014084507044
로봇,H01P,1,0.3333333333333333,0.09389671361502346
로봇,H01Q,2,1.5,0.4225352112676056
로봇,H01R,1,0.5,0.14084507042253522
로봇,H01S,28,11.916666666666666,3.3568075117370886
로봇,H02J,2,1.0,0.28169014084507044
로봇,H02K,36,24.75,6.971830985915493
로봇,H02M,4,2.0,0.5633802816901409
로봇,H02P,12,5.916666666666667,1.666666666666667
로봇,H03H,1,0.3333333333333333,0.09389671361502346
로봇,H03K,2,1.0,0.28169014084507044
로봇,H03M,3,1.5,0.4225352112676056
로봇,H04B,1,0.5,0.14084507042253522
로봇,H04L,5,2.333333333333333,0.6572769953051643
로봇,H04M,3,1.8333333333333333,0.516431924882629
로봇,H04N,27,17.583333333333332,4.953051643192488
로봇,H04Q,2,1.0,0.28169014084507044
로봇,H04W,1,0.14285714285714285,0.04024144869215292
로봇,H05K,4,2.25,0.6338028169014085
로봇,H10D,1,0.5,0.14084507042253522
로봇,H10F,3,0.9166666666666666,0.2582159624413145
로봇,H10W,3,1.1666666666666665,0.32863849765258213
반도체,A47K,1,0.25,0.04553734061930783
반도체,A61B,18,12.166666666666666,2.216150576806314
반도체,A61F,1,0.25,0.04553734061930783
반도체,A61H,2,0.5833333333333333,0.10625379477838494
반도체,A61L,2,1.0,0.18214936247723132
반도체,A61M,1,0.5,0.09107468123861566
반도체,A61N,15,12.333333333333334,2.2465088038858534
반도체,B01J,1,0.5,0.09107468123861566
반도체,B29C,2,0.6666666666666666,0.1214329083181542
반도체,B33Y,2,0.6666666666666666,0.1214329083181542
반도체,B60L,1,0.2,0.03642987249544627
반도체,B60W,2,0.75,0.1366120218579235
반도체,B64C,1,0.2,0.03642987249544627
반도체,B64D,1,0.2,0.03642987249544627
반도체,B64U,2,0.4,0.07285974499089254
반도체,C01B,1,0.5,0.09107468123861566
반도체,C03C,2,1.0,0.18214936247723132
반도체,C04B,1,0.3333333333333333,0.0607164541590771
반도체,C09K,2,1.0,0.18214936247723132
반도체,C23C,2,1.5,0.273224043715847
반도체,C30B,4,2.333333333333333,0.42501517911353975
반도체,F21K,1,0.16666666666666666,0.03035822707953855
반도체,F21V,1,0.16666666666666666,0.03035822707953855
반도체,F21Y,1,0.16666666666666666,0.03035822707953855
반도체,F24H,3,1.75,0.31876138433515483
반도체,F28D,1,0.5,0.09107468123861566
반도체,F41G,4,2.0,0.36429872495446264
반도체,G01J,9,6.333333333333333,1.1536126290224649
반도체,G01K,4,1.6666666666666665,0.3035822707953855
반도체,G01N,1,0.5,0.09107468123861566
반도체,G01P,1,0.3333333333333333,0.0607164541590771
반도체,G01R,6,4.333333333333333,0.7893139040680024
반도체,G01S,1,0.3333333333333333,0.0607164541590771
반도체,G01T,1,0.5,0.09107468123861566
반도체,G02B,17,9.416666666666666,1.7152398299939282
반도체,G03B,4,0.9,0.16393442622950818
반도체,G03F,1,0.5,0.09107468123861566
반도체,G06F,72,33.733333333333334,6.144505160898603
반도체,G06K,4,2.7,0.4918032786885246
반도체,G06N,126,73.38333333333334,13.366727383120827
반도체,G06Q,3,1.0333333333333332,0.188221007893139
반도체,G06T,15,6.566666666666666,1.196114146933819
반도체,G06V,7,2.15,0.39162112932604737
반도체,G08C,1,0.3333333333333333,0.0607164541590771
반도체,G10L,3,0.7833333333333333,0.1426836672738312
반도체,G11C,5,2.0,0.36429872495446264
반도체,G16C,1,0.5,0.09107468123861566
반도체,G16H,1,0.3333333333333333,0.0607164541590771
반도체,H01B,1,0.5,0.09107468123861566
반도체,H01C,1,0.5,0.09107468123861566
반도체,H01J,5,2.0,0.36429872495446264
반도체,H01L,5,2.833333333333333,0.5160898603521554
반도체,H01M,2,0.7,0.12750455373406194
반도체,H01P,7,5.333333333333333,0.9714632665452336
반도체,H01R,1,1.0,0.18214936247723132
반도체,H01S,16,14.833333333333334,2.7018822100789315
반도체,H02K,2,0.5,0.09107468123861566
반도체,H03B,6,3.3333333333333335,0.6071645415907712
반도체,H03F,19,11.233333333333333,2.0461445051608984
반도체,H03G,1,0.5,0.09107468123861566
반도체,H03H,5,3.033333333333333,0.5525197328476017
반도체,H03L,1,0.5,0.09107468123861566
반도체,H03M,1,1.0,0.18214936247723132
반도체,H04B,13,8.0,1.4571948998178506
반도체,H04J,1,0.3333333333333333,0.0607164541590771
반도체,H04L,13,10.166666666666666,1.8518518518518519
반도체,H04N,31,17.383333333333333,3.166363084395871
반도체,H04Q,1,0.3333333333333333,0.0607164541590771
반도체,H04W,1,0.3333333333333333,0.0607164541590771
반도체,H05B,12,6.333333333333333,1.1536126290224649
반도체,H05H,1,0.3333333333333333,0.0607164541590771
반도체,H05K,6,3.033333333333333,0.5525197328476017
반도체,H10B,13,4.65,0.8469945355191257
반도체,H10D,105,67.31666666666666,12.261687917425622
반도체,H10F,8,6.333333333333333,1.1536126290224649
반도체,H10H,121,104.66666666666667,19.064966605950215
반도체,H10K,1,0.3333333333333333,0.0607164541590771
반도체,H10N,10,7.666666666666667,1.3964784456587738
반도체,H10P,77,43.25,7.877959927140255
반도체,H10W,55,30.316666666666666,5.522161505768063
센서,B64U,2,0.8333333333333333,5.555555555555555
센서,G01N,2,0.8333333333333333,5.555555555555555
센서,G01T,5,2.6666666666666665,17.777777777777775
센서,G01V,1,0.5,3.3333333333333335
센서,G06F,1,0.5,3.3333333333333335
센서,G06Q,1,0.3333333333333333,2.222222222222222
센서,G21C,10,7.833333333333333,52.222222222222214
센서,G21D,1,0.5,3.3333333333333335
센서,H04L,2,1.0,6.666666666666667
우주,A01M,1,0.25,0.08741258741258741
우주,A61B,3,2.5,0.8741258741258742
우주,A62C,1,0.5,0.17482517482517482
우주,A63F,1,0.5,0.17482517482517482
우주,A63G,1,1.0,0.34965034965034963
우주,B01D,1,0.3333333333333333,0.11655011655011653
우주,B04C,1,0.5,0.17482517482517482
우주,B05B,2,2.0,0.6993006993006993
우주,B21B,2,1.25,0.4370629370629371
우주,B22F,10,6.083333333333333,2.127039627039627
우주,B23K,5,3.25,1.1363636363636365
우주,B24B,1,0.25,0.08741258741258741
우주,B25J,2,1.0,0.34965034965034963
우주,B29B,1,0.25,0.08741258741258741
우주,B29C,12,7.416666666666667,2.5932400932400936
우주,B29K,3,1.0833333333333333,0.3787878787878788
우주,B29L,3,1.0833333333333333,0.3787878787878788
우주,B30B,1,0.3333333333333333,0.11655011655011653
우주,B32B,4,1.5833333333333333,0.5536130536130536
우주,B33Y,5,2.0833333333333335,0.7284382284382285
우주,B60H,2,0.75,0.26223776223776224
우주,B60N,3,1.1666666666666665,0.4079254079254079
우주,B60R,2,1.0,0.34965034965034963
우주,B63B,1,0.5,0.17482517482517482
우주,B63C,2,0.45,0.15734265734265734
우주,B64C,16,4.166666666666667,1.456876456876457
우주,B64D,27,9.083333333333334,3.175990675990676
우주,B64F,3,0.9166666666666666,0.3205128205128205
우주,B64G,20,11.666666666666666,4.079254079254079
우주,B64U,20,5.283333333333333,1.8473193473193474
우주,B65D,2,1.0,0.34965034965034963
우주,C01B,2,1.3333333333333333,0.4662004662004661
우주,C03C,1,1.0,0.34965034965034963
우주,C08J,1,0.25,0.08741258741258741
우주,C08L,1,0.25,0.08741258741258741
우주,C09J,1,0.5,0.17482517482517482
우주,C09K,1,0.3333333333333333,0.11655011655011653
우주,C22C,2,0.8333333333333333,0.29137529137529133
우주,C22F,1,0.25,0.08741258741258741
우주,C23C,2,0.8333333333333333,0.29137529137529133
우주,C23G,1,0.25,0.08741258741258741
우주,E01F,1,0.5,0.17482517482517482
우주,E05F,1,0.2,0.06993006993006994
우주,F02D,1,1.0,0.34965034965034963
우주,F02K,2,1.0,0.34965034965034963
우주,F02M,1,0.25,0.08741258741258741
우주,F03H,1,0.5,0.17482517482517482
우주,F16B,7,3.8333333333333335,1.3403263403263403
우주,F16C,1,0.25,0.08741258741258741
우주,F16F,8,3.9166666666666665,1.3694638694638692
우주,F16K,1,0.25,0.08741258741258741
우주,F17C,3,1.5,0.5244755244755245
우주,F28D,1,0.3333333333333333,0.11655011655011653
우주,F28F,1,0.3333333333333333,0.11655011655011653
우주,F41A,1,0.2,0.06993006993006994
우주,F41B,1,0.2,0.06993006993006994
우주,F41F,1,0.2,0.06993006993006994
우주,F41H,5,1.35,0.47202797202797203
우주,G01B,4,1.5,0.5244755244755245
우주,G01C,3,1.0,0.34965034965034963
우주,G01D,1,0.3333333333333333,0.11655011655011653
우주,G01H,1,0.5,0.17482517482517482
우주,G01J,6,5.333333333333333,1.8648018648018645
우주,G01L,1,0.16666666666666666,0.058275058275058265
우주,G01M,4,1.6666666666666665,0.5827505827505827
우주,G01N,10,6.083333333333333,2.127039627039627
우주,G01P,1,0.5,0.17482517482517482
우주,G01R,2,0.75,0.26223776223776224
우주,G01S,46,30.616666666666667,10.705128205128204
우주,G01W,4,1.5,0.5244755244755245
우주,G02B,5,2.333333333333333,0.8158508158508158
우주,G03B,2,0.8333333333333333,0.29137529137529133
우주,G05B,1,0.25,0.08741258741258741
우주,G05D,11,3.033333333333333,1.0606060606060606
우주,G06F,31,20.4,7.1328671328671325
우주,G06N,5,2.333333333333333,0.8158508158508158
우주,G06Q,9,2.6999999999999997,0.9440559440559441
우주,G06T,16,7.366666666666666,2.5757575757575757
우주,G06V,3,1.0,0.34965034965034963
우주,G08B,3,0.8333333333333333,0.29137529137529133
우주,G08C,1,0.3333333333333333,0.11655011655011653
우주,G08G,3,1.8333333333333333,0.641025641025641
우주,G09B,5,2.333333333333333,0.8158508158508158
우주,G12B,1,0.5,0.17482517482517482
우주,G16C,2,0.8333333333333333,0.29137529137529133
우주,G16H,1,0.5,0.17482517482517482
우주,H01C,2,0.5833333333333333,0.20396270396270394
우주,H01M,1,0.25,0.08741258741258741
우주,H01P,25,18.5,6.468531468531468
우주,H01Q,53,41.5,14.51048951048951
우주,H01R,1,0.3333333333333333,0.11655011655011653
우주,H02H,2,0.75,0.26223776223776224
우주,H02J,1,0.3333333333333333,0.11655011655011653
우주,H02K,2,0.75,0.26223776223776224
우주,H02M,3,1.25,0.4370629370629371
우주,H02P,2,0.75,0.26223776223776224
우주,H02S,4,1.5,0.5244755244755245
우주,H03F,1,0.5,0.17482517482517482
우주,H03G,2,1.0,0.34965034965034963
우주,H03H,4,1.8333333333333333,0.641025641025641
우주,H03K,2,1.5,0.5244755244755245
우주,H03L,2,0.8333333333333333,0.29137529137529133
우주,H03M,2,0.8333333333333333,0.29137529137529133
우주,H04B,8,4.0,1.3986013986013985
우주,H04H,1,0.5,0.17482517482517482
우주,H04K,1,0.5,0.17482517482517482
우주,H04L,11,5.666666666666667,1.9813519813519815
우주,H04N,13,8.416666666666666,2.9428904428904428
우주,H04W,2,1.5,0.5244755244755245
우주,H05H,1,0.5,0.17482517482517482
우주,H05K,4,1.6666666666666665,0.5827505827505827
우주,H10F,1,0.25,0.08741258741258741
우주,H10N,1,0.5,0.17482517482517482
우주,H10W,2,1.25,0.4370629370629371
인공지능,A01K,1,0.3333333333333333,0.02660281989890928
인공지능,A47L,1,0.5,0.03990422984836393
인공지능,A61B,6,1.7,0.13567438148443736
인공지능,A61F,1,0.5,0.03990422984836393
인공지능,A63B,1,0.5,0.03990422984836393
인공지능,B06B,7,2.6666666666666665,0.21282255919127424
인공지능,B07C,1,0.3333333333333333,0.02660281989890928
인공지능,B25J,12,6.5,0.518754988028731
인공지능,B29C,2,0.8333333333333333,0.0665070497472732
인공지능,B29D,1,0.3333333333333333,0.02660281989890928
인공지능,B29L,1,0.3333333333333333,0.02660281989890928
인공지능,B41M,1,0.25,0.019952114924181964
인공지능,B42D,3,1.1666666666666665,0.0931098696461825
인공지능,B60H,2,1.25,0.09976057462090981
인공지능,B60R,6,1.45,0.11572226656025539
인공지능,B60W,21,7.766666666666667,0.6198457036445862
인공지능,B62D,1,0.25,0.019952114924181964
인공지능,B64C,2,0.5,0.03990422984836393
인공지능,B64G,7,3.0,0.23942537909018355
인공지능,B64U,3,1.0,0.07980845969672785
인공지능,B65G,4,2.0,0.1596169193934557
인공지능,B65H,4,1.75,0.13966480446927373
인공지능,C09D,1,0.3333333333333333,0.02660281989890928
인공지능,C12M,1,0.5,0.03990422984836393
인공지능,E02F,1,0.5,0.03990422984836393
인공지능,F24F,1,0.5,0.03990422984836393
인공지능,F41G,1,0.3333333333333333,0.02660281989890928
인공지능,F41H,10,3.0166666666666666,0.24075552008512904
인공지능,F41J,1,0.3333333333333333,0.02660281989890928
인공지능,G01C,18,8.666666666666666,0.6916733173716414
인공지능,G01F,1,0.5,0.03990422984836393
인공지능,G01G,2,0.45,0.035913806863527534
인공지능,G01H,2,0.8333333333333333,0.0665070497472732
인공지능,G01J,2,0.5833333333333333,0.04655493482309125
인공지능,G01M,4,1.5,0.11971268954509177
인공지능,G01N,4,2.333333333333333,0.186219739292365
인공지능,G01S,52,20.766666666666666,1.6573556797020483
인공지능,G01V,2,1.0,0.07980845969672785
인공지능,G01W,13,4.25,0.3391859537110934
인공지능,G02B,5,3.0,0.23942537909018355
인공지능,G02F,2,1.0,0.07980845969672785
인공지능,G03B,3,0.9166666666666666,0.07315775472200052
인공지능,G03H,4,1.5833333333333333,0.1263633945198191
인공지능,G05B,21,10.583333333333332,0.8446395317903698
인공지능,G05D,16,6.333333333333333,0.5054535780792764
인공지능,G06F,340,177.96666666666667,14.203245544027668
인공지능,G06K,28,12.333333333333334,0.9843043362596436
인공지능,G06N,347,164.33333333333334,13.115190210162279
인공지능,G06Q,130,60.68333333333333,4.843043362596435
인공지능,G06T,337,176.0,14.046288906624103
인공지능,G06V,174,68.83333333333333,5.493482309124767
인공지능,G07C,5,1.4,0.11173184357541899
인공지능,G07D,3,2.25,0.17956903431763768
인공지능,G07F,5,1.5,0.11971268954509177
인공지능,G07G,1,0.25,0.019952114924181964
인공지능,G08B,40,15.549999999999999,1.241021548284118
인공지능,G08C,1,0.3333333333333333,0.02660281989890928
인공지능,G08G,18,6.5,0.518754988028731
인공지능,G09B,19,7.616666666666666,0.6078744346900771
인공지능,G09C,1,1.0,0.07980845969672785
인공지능,G09G,2,0.6666666666666666,0.05320563979781856
인공지능,G10H,1,0.5,0.03990422984836393
인공지능,G10K,7,5.033333333333333,0.4017025804735302
인공지능,G10L,34,18.28333333333333,1.459164671455174
인공지능,G11B,17,12.25,0.9776536312849162
인공지능,G16C,1,0.3333333333333333,0.02660281989890928
인공지능,G16H,7,2.333333333333333,0.186219739292365
인공지능,G16Y,2,0.5333333333333333,0.042564511838254854
인공지능,H01F,22,19.833333333333332,1.5828677839851024
인공지능,H01Q,2,1.0,0.07980845969672785
인공지능,H01R,5,3.333333333333333,0.2660281989890928
인공지능,H02G,1,0.5,0.03990422984836393
인공지능,H02K,14,8.166666666666666,0.6517690875232774
인공지능,H02N,1,0.3333333333333333,0.02660281989890928
인공지능,H02P,1,0.3333333333333333,0.02660281989890928
인공지능,H02S,1,0.3333333333333333,0.02660281989890928
인공지능,H03H,2,0.6666666666666666,0.05320563979781856
인공지능,H03K,1,0.5,0.03990422984836393
인공지능,H04B,8,4.5,0.35913806863527536
인공지능,H04H,4,1.5,0.11971268954509177
인공지능,H04L,62,37.56666666666666,2.9981378026070757
인공지능,H04M,13,5.833333333333333,0.46554934823091243
인공지능,H04N,219,123.5,9.85634477254589
인공지능,H04Q,1,1.0,0.07980845969672785
인공지능,H04R,192,179.36666666666667,14.314977387603086
인공지능,H04S,1,0.3333333333333333,0.02660281989890928
인공지능,H04W,29,17.183333333333334,1.3713753657887735
인공지능,H05F,1,0.5,0.03990422984836393
인공지능,H05K,5,2.1666666666666665,0.17291832934291035
인공지능,H10D,5,2.0,0.1596169193934557
인공지능,H10N,1,0.3333333333333333,0.02660281989890928
인공지능,H10W,1,1.0,0.07980845969672785
