field,cluster,fractional_patents,field_share_pct
인공지능,-1,243.0,19.39345570630487
인공지능,0,134.0,10.694333599361533
인공지능,1,8.0,0.6384676775738228
인공지능,2,154.0,12.290502793296088
인공지능,3,53.0,4.2298483639265765
인공지능,4,30.0,2.3942537909018355
인공지능,5,8.0,0.6384676775738228
인공지능,6,95.0,7.581803671189145
인공지능,7,104.0,8.300079808459698
인공지능,8,1.0,0.07980845969672785
인공지능,9,7.0,0.5586592178770949
인공지능,10,2.0,0.1596169193934557
인공지능,13,85.0,6.783719074221868
인공지능,14,81.0,6.464485235434957
인공지능,15,5.0,0.39904229848363926
인공지능,20,10.0,0.7980845969672785
인공지능,21,2.0,0.1596169193934557
인공지능,22,3.0,0.23942537909018355
인공지능,23,40.0,3.192338387869114
인공지능,25,38.0,3.0327214684756583
인공지능,26,1.0,0.07980845969672785
인공지능,28,30.0,2.3942537909018355
인공지능,29,15.0,1.1971268954509178
인공지능,32,29.0,2.314445331205108
인공지능,33,22.0,1.7557861133280128
인공지능,34,9.0,0.7182761372705506
인공지능,35,27.0,2.154828411811652
인공지능,38,17.0,1.3567438148443736
로봇,-1,74.0,20.845070422535212
로봇,0,22.0,6.197183098591549
로봇,1,8.0,2.2535211267605635
로봇,2,1.0,0.28169014084507044
로봇,3,1.0,0.28169014084507044
로봇,4,1.0,0.28169014084507044
로봇,5,107.0,30.140845070422532
로봇,6,6.0,1.6901408450704223
로봇,7,1.0,0.28169014084507044
로봇,8,5.0,1.4084507042253522
로봇,9,48.0,13.521126760563378
로봇,10,2.0,0.5633802816901409
로봇,11,1.0,0.28169014084507044
로봇,13,2.0,0.5633802816901409
로봇,15,4.0,1.1267605633802817
로봇,16,2.0,0.5633802816901409
로봇,17,1.0,0.28169014084507044
로봇,21,4.0,1.1267605633802817
로봇,22,1.0,0.28169014084507044
로봇,23,2.0,0.5633802816901409
로봇,28,6.0,1.6901408450704223
로봇,29,19.0,5.352112676056338
로봇,30,12.0,3.3802816901408446
로봇,34,12.0,3.3802816901408446
로봇,35,2.0,0.5633802816901409
로봇,36,1.0,0.28169014084507044
로봇,37,4.0,1.1267605633802817
로봇,38,6.0,1.6901408450704223
반도체,-1,89.0,16.21129326047359
반도체,0,13.0,2.3679417122040074
반도체,1,1.0,0.18214936247723132
반도체,3,13.0,2.3679417122040074
반도체,4,109.0,19.854280510018217
반도체,6,1.0,0.18214936247723132
반도체,7,3.0,0.546448087431694
반도체,8,1.0,0.18214936247723132
반도체,9,1.0,0.18214936247723132
반도체,10,9.0,1.639344262295082
반도체,11,18.0,3.278688524590164
반도체,12,91.0,16.57559198542805
반도체,16,3.0,0.546448087431694
반도체,17,63.0,11.475409836065573
반도체,20,34.0,6.193078324225866
반도체,21,2.0,0.36429872495446264
반도체,22,4.0,0.7285974499089253
반도체,24,21.0,3.825136612021858
반도체,26,1.0,0.18214936247723132
반도체,27,9.0,1.639344262295082
반도체,29,1.0,0.18214936247723132
반도체,30,2.0,0.36429872495446264
반도체,31,36.0,6.557377049180328
반도체,33,7.0,1.2750455373406193
반도체,34,2.0,0.36429872495446264
반도체,36,15.0,2.73224043715847
우주,-1,57.0,20.141342756183743
우주,0,5.0,1.76678445229682
우주,1,31.0,10.954063604240282
우주,3,4.0,1.4134275618374559
우주,5,5.0,1.76678445229682
우주,6,1.0,0.35335689045936397
우주,8,46.0,16.25441696113074
우주,9,12.0,4.240282685512367
우주,10,9.0,3.180212014134275
우주,15,35.0,12.36749116607774
우주,16,3.0,1.0600706713780919
우주,18,3.0,1.0600706713780919
우주,19,1.0,0.35335689045936397
우주,20,1.0,0.35335689045936397
우주,21,2.0,0.7067137809187279
우주,22,4.0,1.4134275618374559
우주,23,4.0,1.4134275618374559
우주,24,11.0,3.8869257950530036
우주,26,3.0,1.0600706713780919
우주,28,4.0,1.4134275618374559
우주,29,1.0,0.35335689045936397
우주,30,4.0,1.4134275618374559
우주,33,5.0,1.76678445229682
우주,34,3.0,1.0600706713780919
우주,36,6.0,2.1201413427561837
우주,37,21.0,7.420494699646643
우주,38,2.0,0.7067137809187279
기타,-1,75.0,16.447368421052634
기타,0,12.0,2.631578947368421
기타,1,9.0,1.9736842105263157
기타,3,4.0,0.8771929824561403
기타,5,2.0,0.43859649122807015
기타,7,2.0,0.43859649122807015
기타,8,6.0,1.3157894736842104
기타,9,11.0,2.4122807017543857
기타,10,65.0,14.25438596491228
기타,11,12.0,2.631578947368421
기타,12,1.0,0.21929824561403508
기타,14,1.0,0.21929824561403508
기타,15,34.0,7.456140350877193
기타,16,29.0,6.359649122807018
기타,18,2.0,0.43859649122807015
기타,19,51.0,11.18421052631579
기타,20,3.0,0.6578947368421052
기타,21,48.0,10.526315789473683
기타,22,1.0,0.21929824561403508
기타,23,5.0,1.0964912280701753
기타,25,6.0,1.3157894736842104
기타,26,7.0,1.5350877192982455
기타,27,34.0,7.456140350877193
기타,28,3.0,0.6578947368421052
기타,29,3.0,0.6578947368421052
기타,30,14.0,3.070175438596491
기타,32,2.0,0.43859649122807015
기타,34,8.0,1.7543859649122806
기타,35,3.0,0.6578947368421052
기타,37,2.0,0.43859649122807015
기타,38,1.0,0.21929824561403508
드론,-1,101.0,14.225352112676056
드론,0,20.0,2.8169014084507045
드론,1,118.0,16.619718309859156
드론,3,76.0,10.704225352112676
드론,6,13.0,1.8309859154929577
드론,7,2.0,0.28169014084507044
드론,8,47.0,6.619718309859154
드론,9,24.0,3.3802816901408446
드론,10,13.0,1.8309859154929577
드론,11,64.0,9.014084507042254
드론,15,4.0,0.5633802816901409
드론,16,34.0,4.788732394366197
드론,18,59.0,8.309859154929578
드론,19,2.0,0.28169014084507044
드론,20,12.0,1.6901408450704223
드론,21,2.0,0.28169014084507044
드론,22,43.0,6.056338028169014
드론,23,2.0,0.28169014084507044
드론,24,16.0,2.2535211267605635
드론,25,2.0,0.28169014084507044
드론,26,34.0,4.788732394366197
드론,29,2.0,0.28169014084507044
드론,30,6.0,0.8450704225352111
드론,31,1.0,0.14084507042253522
드론,32,5.0,0.7042253521126761
드론,33,1.0,0.14084507042253522
드론,36,7.0,0.9859154929577465
센서,-1,4.0,26.666666666666668
센서,1,2.0,13.333333333333334
센서,6,1.0,6.666666666666667
센서,14,1.0,6.666666666666667
센서,19,7.0,46.666666666666664
