ipc,cluster,fractional_patents,ipc_share_pct
H01F,-1,18.333333333333332,87.30158730158729
H01F,8,0.5,2.380952380952381
H01F,9,1.5,7.142857142857142
H01F,10,0.3333333333333333,1.5873015873015872
H01F,16,0.3333333333333333,1.5873015873015872
G01V,-1,2.25,41.53846153846153
G01V,0,0.5,9.23076923076923
G01V,1,0.8333333333333333,15.384615384615383
G01V,19,0.3333333333333333,6.153846153846153
G01V,30,1.0,18.46153846153846
G01V,34,0.5,9.23076923076923
G08G,-1,3.7500000000000004,22.209687654233946
G08G,1,6.801190476190477,40.280617640837626
G08G,3,0.5,2.9612916872311925
G08G,5,1.3333333333333333,7.896777832616513
G08G,7,0.3333333333333333,1.9741944581541282
G08G,23,0.16666666666666666,0.9870972290770641
G08G,28,3.1666666666666665,18.754847352464214
G08G,32,0.3333333333333333,1.9741944581541282
G08G,34,0.5,2.9612916872311925
G08B,-1,5.433333333333334,21.51815181518152
G08B,0,4.8999999999999995,19.405940594059405
G08B,3,0.2,0.7920792079207921
G08B,6,0.5,1.9801980198019802
G08B,7,0.3333333333333333,1.32013201320132
G08B,14,0.8666666666666667,3.4323432343234326
G08B,15,1.8333333333333333,7.26072607260726
G08B,16,2.45,9.702970297029703
G08B,19,2.583333333333333,10.23102310231023
G08B,21,0.25,0.9900990099009901
G08B,28,0.3333333333333333,1.32013201320132
G08B,32,1.5,5.9405940594059405
G08B,34,2.033333333333333,8.052805280528052
G08B,35,1.5333333333333332,6.072607260726072
G08B,38,0.5,1.9801980198019802
B21D,37,3.0,100.0
G06F,-1,52.85476190476196,18.41743927986229
G06F,0,10.866666666666669,3.786530603779063
G06F,1,5.010714285714286,1.7460021156119714
G06F,3,12.916666666666668,4.500860763694439
G06F,4,38.93333333333334,13.566465476116395
G06F,5,1.0,0.3484537365440855
G06F,6,43.25000000000002,15.070624105531705
G06F,7,26.249999999999996,9.146910584282244
G06F,9,0.5,0.17422686827204276
G06F,13,6.166666666666666,2.1487980420218604
G06F,14,10.199999999999998,3.5542281127496715
G06F,15,6.666666666666667,2.3230249102939036
G06F,16,3.2333333333333334,1.1266670814925432
G06F,19,0.5,0.17422686827204276
G06F,20,4.666666666666666,1.6261174372057323
G06F,21,8.566666666666665,2.985087009727665
G06F,23,1.4166666666666665,0.49364279343745443
G06F,25,0.2,0.06969074730881711
G06F,28,9.0,3.1360836288967695
G06F,29,17.0,5.923713521249454
G06F,30,1.25,0.4355671706801069
G06F,32,4.783333333333334,1.666770373135876
G06F,33,6.833333333333333,2.381100533051251
G06F,34,5.583333333333333,1.945533362371144
G06F,35,4.333333333333333,1.5099661916910372
G06F,36,0.8333333333333333,0.29037811378673795
G06F,37,4.0,1.393814946176342
G06F,38,0.16666666666666666,0.05807562275734758
G10K,-1,1.5,28.391167192429023
G10K,2,3.0,56.782334384858046
G10K,25,0.25,4.731861198738171
G10K,35,0.5333333333333333,10.094637223974763
H04N,-1,37.20000000000002,19.48664222105815
H04N,0,48.800000000000026,25.563122053431126
H04N,1,1.1,0.576217915138816
H04N,3,12.649999999999999,6.626506024096384
H04N,4,3.216666666666667,1.6850008730574468
H04N,5,0.75,0.39287585123101093
H04N,6,9.083333333333332,4.758163087131131
H04N,7,1.2,0.6286013619696175
H04N,10,4.866666666666666,2.5493277457656704
H04N,11,0.5833333333333333,0.3055701065130085
H04N,13,32.833333333333336,17.19923170944648
H04N,14,3.5833333333333335,1.8770735114370525
H04N,15,0.3333333333333333,0.17461148943600485
H04N,19,0.25,0.13095861707700365
H04N,21,6.333333333333333,3.317618299284092
H04N,23,1.25,0.6547930853850182
H04N,28,0.5,0.2619172341540073
H04N,29,1.5833333333333333,0.829404574821023
H04N,32,0.2,0.10476689366160291
H04N,33,20.5,10.738606600314299
H04N,34,1.4166666666666665,0.7420988301030206
H04N,35,2.3333333333333335,1.222280426052034
H04N,38,0.3333333333333333,0.17461148943600485
G06T,-1,52.75476190476193,21.113768689072913
G06T,0,63.78333333333337,25.52767745685672
G06T,1,4.335714285714285,1.7352607655730359
G06T,3,1.9499999999999997,0.7804385321275762
G06T,4,3.066666666666667,1.2273563240296927
G06T,5,4.833333333333333,1.9344202933076677
G06T,6,3.583333333333334,1.434139182969478
G06T,7,4.566666666666666,1.8276936564355206
G06T,10,1.0,0.40022488827055197
G06T,13,24.666666666666664,9.872213910673613
G06T,14,17.95,7.184036744456407
G06T,15,0.8333333333333333,0.3335207402254599
G06T,16,1.926190476190476,0.7709093681211345
G06T,19,0.16666666666666666,0.06670414804509199
G06T,21,21.126190476190473,8.455227222915731
G06T,23,24.75,9.90556598469616
G06T,28,5.833333333333333,2.3346451815782197
G06T,29,1.0,0.40022488827055197
G06T,30,0.3333333333333333,0.13340829609018398
G06T,32,5.733333333333333,2.2946226927511644
G06T,33,2.8333333333333335,1.133970516766564
G06T,34,0.8333333333333333,0.3335207402254599
G06T,35,1.833333333333333,0.7337456284960118
G06T,38,0.16666666666666666,0.06670414804509199
H04L,-1,9.416666666666666,11.963821162804768
H04L,1,1.0,1.2704942827757275
H04L,3,25.166666666666668,31.97410611652248
H04L,4,2.033333333333333,2.5833383749773127
H04L,6,32.83333333333333,41.71456228446972
H04L,7,1.7,2.1598402807187367
H04L,10,0.3333333333333333,0.4234980942585759
H04L,13,1.3333333333333333,1.6939923770343035
H04L,14,0.5,0.6352471413878638
H04L,15,1.6666666666666665,2.1174904712928795
H04L,16,0.14285714285714285,0.18149918325367537
H04L,21,0.8333333333333333,1.0587452356464397
H04L,23,0.5,0.6352471413878638
H04L,28,0.25,0.3176235706939319
H04L,29,0.5,0.6352471413878638
H04L,36,0.5,0.6352471413878638
G10L,-1,2.833333333333333,13.117283950617283
G10L,0,0.16666666666666666,0.771604938271605
G10L,3,0.5,2.314814814814815
G10L,4,0.7833333333333333,3.6265432098765435
G10L,13,4.0,18.51851851851852
G10L,14,4.0,18.51851851851852
G10L,21,0.5333333333333333,2.469135802469136
G10L,28,0.25,1.1574074074074074
G10L,32,0.3333333333333333,1.54320987654321
G10L,35,8.2,37.96296296296296
C30B,-1,1.3333333333333333,17.77777777777778
C30B,12,2.333333333333333,31.11111111111111
C30B,18,0.5,6.666666666666668
C30B,20,1.0,13.333333333333336
C30B,27,2.333333333333333,31.11111111111111
H10P,-1,4.0,8.094435075885329
H10P,9,1.0,2.0236087689713322
H10P,10,0.3333333333333333,0.6745362563237775
H10P,12,32.66666666666666,66.10455311973018
H10P,17,2.333333333333333,4.7217537942664425
H10P,20,7.583333333333332,15.345699831365936
H10P,27,1.0,2.0236087689713322
H10P,31,0.5,1.0118043844856661
G06K,-1,6.45,24.277456647398846
G06K,0,2.6666666666666665,10.037191378769547
G06K,1,0.6678571428571429,2.513778733700766
G06K,3,1.5,5.64592015055787
G06K,4,0.7,2.634762736927006
G06K,6,4.583333333333333,17.25142268226016
G06K,11,0.25,0.9409866917596451
G06K,13,2.333333333333333,8.782542456423354
G06K,14,0.5,1.8819733835192902
G06K,21,1.4166666666666665,5.332257919971322
G06K,23,0.5,1.8819733835192902
G06K,24,4.5,16.93776045167361
G06K,32,0.5,1.8819733835192902
G11B,-1,0.6666666666666666,5.442176870748299
G11B,6,2.0,16.3265306122449
G11B,13,8.0,65.3061224489796
G11B,33,0.5,4.081632653061225
G11B,35,1.0833333333333333,8.843537414965985
G09C,13,1.0,100.0
H10H,-1,16.0,15.16108654453569
H10H,0,0.2,0.18951358180669614
H10H,10,0.16666666666666666,0.1579279848389134
H10H,12,10.666666666666668,10.107391029690461
H10H,17,42.66666666666667,40.429564118761846
H10H,20,3.333333333333333,3.1585596967782688
H10H,29,0.5,0.4737839545167403
H10H,31,32.0,30.32217308907138
H01P,-1,6.333333333333334,17.04035874439462
H01P,3,0.5,1.345291479820628
H01P,8,6.5,17.48878923766816
H01P,9,0.3333333333333333,0.8968609865470852
H01P,16,0.5,1.345291479820628
H01P,22,3.5,9.417040358744396
H01P,24,18.5,49.77578475336323
H01P,36,1.0,2.690582959641256
H01S,-1,2.0,7.384615384615385
H01S,5,8.916666666666664,32.92307692307691
H01S,11,0.3333333333333333,1.2307692307692308
H01S,12,1.0,3.6923076923076925
H01S,17,13.5,49.84615384615385
H01S,30,1.3333333333333333,4.923076923076923
B01J,18,0.5,37.5
B01J,26,0.5,37.5
B01J,27,0.3333333333333333,25.0
C01B,-1,0.3333333333333333,10.81081081081081
C01B,18,1.75,56.75675675675676
C01B,26,1.0,32.43243243243243
H03H,-1,3.6666666666666665,53.398058252427184
H03H,9,0.3333333333333333,4.854368932038835
H03H,13,0.3333333333333333,4.854368932038835
H03H,20,0.2,2.9126213592233015
H03H,22,1.5,21.844660194174757
H03H,24,0.5,7.281553398058254
H03H,27,0.3333333333333333,4.854368932038835
G07D,6,0.25,11.11111111111111
G07D,13,2.0,88.88888888888889
G06V,-1,20.63333333333333,23.34527625872148
G06V,0,29.116666666666656,32.94361682066754
G06V,1,1.5166666666666666,1.7160098057703193
G06V,3,1.9833333333333332,2.244012822930417
G06V,4,4.483333333333333,5.072600414859515
G06V,5,0.5,0.5657175183858195
G06V,6,1.4166666666666665,1.602866302093155
G06V,7,7.283333333333333,8.240618517820105
G06V,10,0.2,0.2262870073543278
G06V,11,0.25,0.28285875919290976
G06V,14,7.366666666666666,8.334904770884407
G06V,15,0.3333333333333333,0.377145012257213
G06V,16,0.45,0.5091457665472375
G06V,21,1.9999999999999998,2.2628700735432776
G06V,23,4.333333333333334,4.90288515934377
G06V,26,0.5,0.5657175183858195
G06V,28,0.9166666666666666,1.0371487837073357
G06V,29,0.5833333333333333,0.6600037714501227
G06V,32,1.5333333333333332,1.7348670563831798
G06V,33,1.0,1.131435036771639
G06V,34,1.6166666666666665,1.829153309447483
G06V,35,0.2,0.2262870073543278
G06V,38,0.16666666666666666,0.1885725061286065
B21F,37,1.0,100.0
H01M,-1,2.5,4.22654268808115
H01M,1,0.2,0.338123415046492
H01M,10,2.0,3.38123415046492
H01M,18,47.33333333333333,80.0225415610031
H01M,19,4.333333333333334,7.3260073260073275
H01M,26,1.5333333333333332,2.592279515356438
H01M,29,1.0,1.69061707523246
H01M,30,0.25,0.422654268808115
F41G,-1,2.566666666666667,10.328638497652586
F41G,10,18.199999999999996,73.23943661971832
F41G,15,1.1666666666666665,4.694835680751174
F41G,17,1.0,4.024144869215292
F41G,30,1.9166666666666665,7.712944332662644
B42D,6,0.3333333333333333,28.571428571428577
B42D,13,0.8333333333333333,71.42857142857143
G06Q,-1,27.938095238095233,25.286613222998017
G06Q,0,4.059523809523809,3.6742522196362386
G06Q,1,4.569047619047619,4.135419360399966
G06Q,3,26.899999999999995,24.347039048357896
G06Q,4,0.7,0.6335660718903543
G06Q,5,0.25,0.22627359710369796
G06Q,6,13.166666666666668,11.917076114128095
G06Q,7,3.616666666666667,3.273424704766831
G06Q,13,1.3333333333333333,1.2067925178863892
G06Q,14,5.0,4.52547194207396
G06Q,15,0.6666666666666666,0.6033962589431946
G06Q,16,0.9928571428571429,0.8986294284975435
G06Q,19,2.0,1.8101887768295837
G06Q,21,8.342857142857142,7.551073183346263
G06Q,23,0.16666666666666666,0.15084906473579865
G06Q,26,0.5,0.4525471942073959
G06Q,28,0.6666666666666666,0.6033962589431946
G06Q,29,1.25,1.13136798551849
G06Q,32,2.283333333333333,2.066632186880441
G06Q,33,1.1666666666666665,1.0559434531505902
G06Q,34,0.6666666666666666,0.6033962589431946
G06Q,35,2.3333333333333335,2.1118869063011814
G06Q,38,1.9166666666666665,1.7347642444616844
A47K,-1,0.25,100.0
A61F,-1,0.5833333333333333,33.33333333333333
A61F,2,0.5,28.57142857142857
A61F,7,0.3333333333333333,19.047619047619047
A61F,35,0.3333333333333333,19.047619047619047
A61H,-1,0.5833333333333333,46.666666666666664
A61H,7,0.3333333333333333,26.666666666666668
A61H,35,0.3333333333333333,26.666666666666668
F24H,-1,1.75,100.0
A63G,28,1.0,100.0
B41M,6,0.25,100.0
A63F,28,0.5,100.0
G09B,-1,4.833333333333333,32.381560057425425
G09B,0,0.5333333333333333,3.573137661509013
G09B,7,2.5,16.749082788323495
G09B,14,0.9166666666666665,6.1413303557186145
G09B,21,1.6428571428571428,11.006540118041155
G09B,23,1.0,6.6996331153294
G09B,28,0.75,5.024724836497049
G09B,32,2.75,18.42399106715585
C07D,11,2.0,100.0
G01J,-1,0.95,3.647833241908941
G01J,1,1.4261904761904762,5.4763210824648025
G01J,2,0.3333333333333333,1.2799414883891023
G01J,5,3.3333333333333335,12.799414883891025
G01J,10,16.166666666666664,62.07716218687145
G01J,11,1.5,5.75973669775096
G01J,23,0.3333333333333333,1.2799414883891023
G01J,26,1.0,3.8398244651673066
G01J,27,1.0,3.8398244651673066
G02B,-1,5.833333333333333,5.656500357860226
G02B,2,0.5,0.4848428878165908
G02B,4,0.25,0.2424214439082954
G02B,5,20.78333333333334,20.153302703576294
G02B,8,1.0,0.9696857756331816
G02B,9,1.0,0.9696857756331816
G02B,10,18.500000000000004,17.939186849213865
G02B,11,45.083333333333336,43.71666705146261
G02B,17,0.5,0.4848428878165908
G02B,19,0.25,0.2424214439082954
G02B,20,0.3333333333333333,0.3232285918777272
G02B,21,2.676190476190476,2.5950638376468955
G02B,22,1.0,0.9696857756331816
G02B,23,0.8333333333333333,0.8080714796943179
G02B,29,0.25,0.2424214439082954
G02B,30,3.5,3.3939002147161355
G02B,34,0.5,0.4848428878165908
G02B,35,0.3333333333333333,0.3232285918777272
C08F,11,1.5,100.0
G02F,-1,0.5,17.64705882352941
G02F,9,0.5,17.64705882352941
G02F,11,1.5,52.94117647058824
G02F,20,0.3333333333333333,11.76470588235294
G01B,-1,2.25,16.74937965260546
G01B,0,0.3333333333333333,2.4813895781637716
G01B,5,0.3333333333333333,2.4813895781637716
G01B,10,0.5,3.722084367245657
G01B,16,3.683333333333334,27.41935483870968
G01B,19,1.1666666666666665,8.684863523573199
G01B,23,0.8333333333333333,6.203473945409429
G01B,25,0.5,3.722084367245657
G01B,30,2.8333333333333335,21.091811414392062
G01B,37,1.0,7.444168734491314
G05B,-1,2.0,13.03538175046555
G05B,1,1.3666666666666665,8.907510862818125
G05B,7,1.4166666666666665,9.233395406579763
G05B,16,0.14285714285714285,0.931098696461825
G05B,21,0.25,1.6294227188081938
G05B,23,0.16666666666666666,1.0862818125387959
G05B,28,1.0833333333333333,7.060831781502172
G05B,29,2.75,17.923649906890134
G05B,30,0.5,3.2588454376163876
G05B,35,0.5833333333333333,3.8019863438857855
G05B,38,5.083333333333333,33.131595282433274
G01N,-1,11.500000000000002,28.984637542006723
G01N,0,0.6428571428571428,1.6202592414786363
G01N,1,1.4,3.5285645703312523
G01N,5,0.6666666666666666,1.6802688430148822
G01N,9,1.0,2.5204032645223235
G01N,10,0.3333333333333333,0.8401344215074411
G01N,14,0.5,1.2602016322611618
G01N,16,12.516666666666664,31.54704752760441
G01N,19,4.033333333333334,10.16562650024004
G01N,23,0.25,0.6301008161305809
G01N,25,0.5,1.2602016322611618
G01N,26,0.25,0.6301008161305809
G01N,27,3.25,8.19131060969755
G01N,30,0.3333333333333333,0.8401344215074411
G01N,34,1.0,2.5204032645223235
G01N,37,1.5,3.7806048967834855
H01B,-1,0.5,4.6875
H01B,8,0.3333333333333333,3.125
H01B,11,5.083333333333333,47.65625
H01B,18,2.25,21.09375
H01B,22,1.0,9.375
H01B,27,1.0,9.375
H01B,31,0.5,4.6875
H04W,-1,5.116666666666667,8.8801652892562
H04W,0,0.7,1.214876033057851
H04W,1,2.583333333333333,4.483471074380165
H04W,3,35.5,61.61157024793388
H04W,4,0.5333333333333333,0.9256198347107438
H04W,6,2.1666666666666665,3.7603305785123964
H04W,7,0.5,0.8677685950413223
H04W,15,1.0,1.7355371900826446
H04W,16,0.14285714285714285,0.24793388429752064
H04W,21,0.5928571428571429,1.0289256198347108
H04W,28,0.25,0.43388429752066116
H04W,29,0.8333333333333333,1.446280991735537
H04W,32,7.166666666666666,12.438016528925619
H04W,33,0.3333333333333333,0.5785123966942148
H04W,34,0.2,0.34710743801652894
H04R,-1,8.333333333333332,4.504910352283989
H04R,0,0.16666666666666666,0.09009820704567979
H04R,2,141.83333333333331,76.6735741958735
H04R,9,4.0,2.162356969096315
H04R,16,1.3333333333333333,0.7207856563654383
H04R,22,0.5,0.2702946211370394
H04R,25,26.28333333333333,14.208487251103701
H04R,27,1.0,0.5405892422740788
H04R,35,1.5333333333333332,0.8289035048202541
H01Q,-1,4.5,4.759386567953463
H01Q,1,0.5833333333333333,0.6169575180680414
H01Q,2,1.0,1.057641459545214
H01Q,8,81.00000000000001,85.66895822316235
H01Q,9,1.0,1.057641459545214
H01Q,10,0.6000000000000001,0.6345848757271285
H01Q,15,2.866666666666667,3.0319055173629472
H01Q,16,1.5,1.586462189317821
H01Q,22,0.5,0.528820729772607
H01Q,24,1.0,1.057641459545214
H04M,-1,2.9166666666666665,11.666666666666664
H04M,2,1.0,3.9999999999999996
H04M,3,14.16666666666667,56.666666666666664
H04M,6,0.75,2.9999999999999996
H04M,10,1.0,3.9999999999999996
H04M,16,1.0,3.9999999999999996
H04M,21,0.5,1.9999999999999998
H04M,25,2.5,10.0
H04M,29,0.8333333333333333,3.3333333333333326
H04M,35,0.3333333333333333,1.333333333333333
G01C,-1,5.083333333333334,19.122257053291534
G01C,1,4.083333333333334,15.360501567398119
G01C,10,0.25,0.9404388714733541
G01C,15,1.1666666666666665,4.388714733542319
G01C,23,0.16666666666666666,0.6269592476489028
G01C,28,3.9166666666666665,14.733542319749215
G01C,30,5.25,19.749216300940436
G01C,32,6.333333333333334,23.824451410658305
G01C,34,0.3333333333333333,1.2539184952978055
G01S,-1,31.59999999999999,15.287152433827083
G01S,0,3.726190476190476,1.80262157617084
G01S,1,6.933333333333334,3.354143150038011
G01S,2,1.0,0.48377064664009767
G01S,3,0.6666666666666666,0.3225137644267318
G01S,5,71.11666666666667,34.40415582022162
G01S,7,0.2,0.09675412932801954
G01S,8,4.333333333333333,2.0963394687737567
G01S,10,3.25,1.5722546015803176
G01S,11,0.5,0.24188532332004883
G01S,14,1.6666666666666665,0.8062844110668294
G01S,15,45.11666666666667,21.826119007579077
G01S,16,9.533333333333333,4.611946831302265
G01S,20,0.3333333333333333,0.1612568822133659
G01S,21,1.1166666666666667,0.5402105554147758
G01S,23,6.666666666666666,3.2251376442673174
G01S,27,0.25,0.12094266166002442
G01S,28,2.1666666666666665,1.0481697343868783
G01S,30,11.583333333333334,5.603676656914465
G01S,34,1.3666666666666665,0.6611532170748
G01S,35,0.25,0.12094266166002442
G01S,36,1.8333333333333333,0.8869128521735125
G01S,38,1.5,0.7256559699601466
G05D,-1,5.088095238095239,14.02921385196127
G05D,0,0.6761904761904762,1.8644345970786151
G05D,1,17.63690476190476,48.629574922041684
G05D,3,1.0,2.75726243229936
G05D,5,2.1666666666666665,5.97406860331528
G05D,8,0.5,1.37863121614968
G05D,9,1.0,2.75726243229936
G05D,15,0.5333333333333333,1.4705399638929921
G05D,23,0.16666666666666666,0.45954373871656
G05D,28,1.4166666666666665,3.9061217790907596
G05D,29,1.75,4.82520925652388
G05D,30,1.0,2.75726243229936
G05D,32,0.5,1.37863121614968
G05D,38,2.833333333333333,7.812243558181519
B60R,-1,2.4833333333333334,40.37940379403794
B60R,9,1.5,24.390243902439025
B60R,10,0.3333333333333333,5.420054200542005
B60R,14,0.75,12.195121951219512
B60R,28,0.5833333333333333,9.485094850948508
B60R,37,0.5,8.130081300813007
B60W,-1,6.183333333333334,37.934560327198376
B60W,0,0.3333333333333333,2.044989775051125
B60W,4,0.25,1.5337423312883438
B60W,7,0.2,1.226993865030675
B60W,14,1.0833333333333333,6.646216768916156
B60W,28,7.583333333333332,46.52351738241309
B60W,30,0.3333333333333333,2.044989775051125
B60W,32,0.3333333333333333,2.044989775051125
H05B,-1,4.833333333333333,59.183673469387756
H05B,8,0.3333333333333333,4.081632653061225
H05B,10,0.16666666666666666,2.0408163265306123
H05B,24,1.5,18.367346938775512
H05B,36,1.3333333333333333,16.3265306122449
H04H,3,1.6666666666666665,83.33333333333334
H04H,13,0.3333333333333333,16.666666666666668
H04B,-1,6.333333333333334,19.367991845056064
H04B,0,0.5,1.5290519877675839
H04B,1,2.25,6.880733944954128
H04B,2,1.0,3.0581039755351678
H04B,3,4.5,13.761467889908255
H04B,8,0.5833333333333333,1.7838939857288478
H04B,10,2.0,6.1162079510703355
H04B,11,5.083333333333334,15.545361875637106
H04B,15,3.9166666666666665,11.977573904179408
H04B,24,3.5,10.703363914373087
H04B,25,0.2,0.6116207951070336
H04B,29,1.0,3.0581039755351678
H04B,34,1.8333333333333333,5.606523955147807
H01J,-1,0.8333333333333333,30.864197530864196
H01J,10,0.7,25.925925925925924
H01J,20,0.3333333333333333,12.34567901234568
H01J,24,0.5,18.51851851851852
H01J,36,0.3333333333333333,12.34567901234568
H02J,-1,1.6666666666666665,30.12048192771084
H02J,1,0.5,9.036144578313253
H02J,8,0.5,9.036144578313253
H02J,10,0.7,12.650602409638553
H02J,18,0.5,9.036144578313253
H02J,27,0.6666666666666666,12.048192771084338
H02J,29,1.0,18.072289156626507
H03M,-1,1.0,26.08695652173913
H03M,6,0.5,13.043478260869565
H03M,13,0.5,13.043478260869565
H03M,15,1.3333333333333333,34.78260869565217
H03M,30,0.5,13.043478260869565
H10N,-1,0.6666666666666666,3.0769230769230766
H10N,11,0.3333333333333333,1.5384615384615383
H10N,16,0.6666666666666666,3.0769230769230766
H10N,18,0.5,2.3076923076923075
H10N,20,0.6666666666666666,3.0769230769230766
H10N,25,1.3333333333333333,6.153846153846153
H10N,27,17.5,80.76923076923076
C01G,18,0.5,33.33333333333333
C01G,27,1.0,66.66666666666666
H02N,9,2.0,46.15384615384615
H02N,25,0.3333333333333333,7.6923076923076925
H02N,27,1.9999999999999998,46.15384615384615
C03B,-1,2.0,10.909090909090907
C03B,11,16.333333333333336,89.0909090909091
H10W,-1,4.0,11.684518013631937
H10W,4,0.6666666666666666,1.947419668938656
H10W,5,0.6666666666666666,1.947419668938656
H10W,8,1.0,2.9211295034079843
H10W,9,1.3333333333333333,3.894839337877312
H10W,12,6.166666666666666,18.013631937682568
H10W,17,0.6666666666666666,1.947419668938656
H10W,20,9.650000000000002,28.188899707887057
H10W,24,8.583333333333334,25.0730282375852
H10W,31,1.0,2.9211295034079843
H10W,36,0.5,1.4605647517039921
B23K,-1,2.666666666666667,38.55421686746988
B23K,9,3.0,43.373493975903614
B23K,19,0.25,3.614457831325301
B23K,38,1.0,14.457831325301203
A61B,-1,10.083333333333332,34.39454235361
A61B,0,3.5,11.938601478112563
A61B,3,0.3333333333333333,1.137009664582149
A61B,4,0.3333333333333333,1.137009664582149
A61B,7,0.25,0.8527572484366117
A61B,10,0.3333333333333333,1.137009664582149
A61B,11,0.25,0.8527572484366117
A61B,16,0.3333333333333333,1.137009664582149
A61B,25,0.2,0.6822057987492894
A61B,27,2.5833333333333335,8.811824900511656
A61B,29,1.0,3.411028993746447
A61B,30,0.25,0.8527572484366117
A61B,34,9.866666666666667,33.655486071631614
H01L,-1,0.5,9.933774834437086
H01L,24,1.0,19.867549668874172
H01L,25,0.2,3.9735099337748347
H01L,27,2.833333333333333,56.29139072847682
H01L,31,0.5,9.933774834437086
C23C,-1,1.5,13.432835820895523
C23C,8,0.8333333333333333,7.462686567164178
C23C,18,1.0,8.955223880597016
C23C,20,7.333333333333333,65.67164179104478
C23C,27,0.5,4.477611940298508
H04Q,-1,1.3333333333333333,24.84472049689441
H04Q,3,2.0,37.267080745341616
H04Q,10,0.3333333333333333,6.211180124223603
H04Q,11,0.5,9.316770186335404
H04Q,19,0.2,3.7267080745341623
H04Q,29,1.0,18.633540372670808
F16C,-1,2.5,44.776119402985074
F16C,1,0.75,13.432835820895523
F16C,9,2.3333333333333335,41.7910447761194
B63C,1,0.45,23.076923076923077
B63C,9,1.0,51.28205128205129
B63C,16,0.5,25.641025641025646
B22D,-1,0.8333333333333333,100.0
F02F,-1,1.5,50.0
F02F,9,1.5,50.0
B06B,-1,0.3333333333333333,8.16326530612245
B06B,9,0.5,12.244897959183675
B06B,25,2.9166666666666665,71.42857142857143
B06B,27,0.3333333333333333,8.16326530612245
B62M,-1,0.8333333333333333,22.727272727272723
B62M,9,2.8333333333333335,77.27272727272727
H02K,-1,5.666666666666666,11.564625850340136
H02K,0,0.5,1.0204081632653061
H02K,1,1.0833333333333333,2.210884353741496
H02K,9,32.25,65.81632653061224
H02K,20,0.3333333333333333,0.6802721088435374
H02K,25,9.166666666666668,18.70748299319728
G01P,-1,2.6666666666666665,39.800995024875625
G01P,1,1.6666666666666665,24.875621890547265
G01P,10,0.7,10.447761194029852
G01P,15,0.3333333333333333,4.975124378109453
G01P,30,1.0,14.92537313432836
G01P,34,0.3333333333333333,4.975124378109453
G01R,-1,5.666666666666667,21.599056175696525
G01R,1,2.4857142857142858,9.474543969507215
G01R,4,1.0,3.811598148652328
G01R,8,0.3333333333333333,1.2705327162174425
G01R,9,0.5,1.905799074326164
G01R,10,0.3333333333333333,1.2705327162174425
G01R,11,0.3333333333333333,1.2705327162174425
G01R,15,3.0,11.434794445956985
G01R,16,4.333333333333333,16.516925310826753
G01R,17,0.3333333333333333,1.2705327162174425
G01R,19,2.1666666666666665,8.258462655413377
G01R,22,4.0,15.246392594609311
G01R,30,0.25,0.952899537163082
G01R,36,1.5,5.717397222978493
G01T,-1,0.3333333333333333,6.666666666666667
G01T,1,0.3333333333333333,6.666666666666667
G01T,10,0.8333333333333333,16.666666666666664
G01T,19,3.5000000000000004,70.0
G07F,-1,1.1666666666666665,66.66666666666666
G07F,0,0.3333333333333333,19.04761904761905
G07F,34,0.25,14.285714285714288
B81C,-1,0.5,50.0
B81C,2,0.5,50.0
H10D,-1,15.166666666666666,21.569092201943594
H10D,2,0.5,0.7110689736904482
H10D,4,0.3333333333333333,0.4740459824602987
H10D,12,38.83333333333332,55.22635695662479
H10D,17,1.5,2.1332069210713445
H10D,20,11.65,16.567907086987443
H10D,24,0.5,0.7110689736904482
H10D,31,1.0,1.4221379473808964
H10D,36,0.8333333333333333,1.1851149561507468
B81B,-1,1.3333333333333333,100.0
H03F,-1,0.6666666666666666,5.167958656330749
H03F,16,0.8333333333333333,6.459948320413436
H03F,20,0.4,3.1007751937984502
H03F,24,0.8333333333333333,6.459948320413436
H03F,27,0.3333333333333333,2.5839793281653747
H03F,36,9.833333333333332,76.22739018087856
H02M,-1,1.0,16.0
H02M,9,2.25,36.0
H02M,22,0.5,8.0
H02M,36,2.5,40.0
H03K,-1,1.0,22.22222222222222
H03K,13,0.5,11.11111111111111
H03K,29,0.5,11.11111111111111
H03K,36,2.5,55.55555555555556
B82Y,-1,0.3333333333333333,57.14285714285715
B82Y,25,0.25,42.85714285714286
C21D,37,1.0,100.0
H02P,-1,1.4166666666666665,18.888888888888886
H02P,9,5.25,70.0
H02P,10,0.5,6.666666666666667
H02P,25,0.3333333333333333,4.444444444444444
B29C,-1,1.0,9.67741935483871
B29C,2,0.5,4.838709677419355
B29C,9,0.6666666666666666,6.451612903225806
B29C,18,0.25,2.4193548387096775
B29C,22,0.8333333333333333,8.064516129032258
B29C,37,7.083333333333333,68.5483870967742
B29D,22,0.3333333333333333,100.0
B29L,8,0.5,24.000000000000004
B29L,9,0.6666666666666666,32.0
B29L,22,0.3333333333333333,16.0
B29L,37,0.5833333333333333,28.000000000000004
G11C,4,1.9999999999999998,100.0
A61N,-1,10.333333333333334,70.85714285714286
A61N,4,1.0,6.857142857142858
A61N,11,3.25,22.285714285714285
F21V,10,0.16666666666666666,16.666666666666668
F21V,11,0.5833333333333333,58.333333333333336
F21V,19,0.25,25.000000000000007
B62K,-1,0.3333333333333333,28.571428571428577
B62K,9,0.8333333333333333,71.42857142857143
A01K,-1,0.16666666666666666,6.666666666666667
A01K,10,2.0,80.0
A01K,34,0.3333333333333333,13.333333333333334
G08C,-1,1.4166666666666665,25.449101796407188
G08C,1,0.3333333333333333,5.9880239520958085
G08C,16,1.9,34.13173652694611
G08C,19,0.3333333333333333,5.9880239520958085
G08C,30,0.25,4.491017964071856
G08C,34,1.0,17.964071856287426
G08C,35,0.3333333333333333,5.9880239520958085
G16C,-1,1.1666666666666665,58.333333333333336
G16C,21,0.3333333333333333,16.666666666666668
G16C,37,0.5,25.000000000000007
H10F,-1,2.0,26.666666666666668
H10F,5,0.9166666666666666,12.222222222222221
H10F,10,1.8333333333333333,24.444444444444443
H10F,11,1.5,20.0
H10F,17,1.0,13.333333333333334
H10F,24,0.25,3.3333333333333335
G04B,34,0.6666666666666666,100.0
G04G,15,0.75,52.94117647058824
G04G,34,0.6666666666666666,47.05882352941177
H05K,-1,7.333333333333332,36.45401822700911
H05K,1,1.25,6.2137531068765535
H05K,2,1.3333333333333333,6.628003314001657
H05K,9,1.5,7.456503728251864
H05K,17,0.5,2.4855012427506216
H05K,20,3.2,15.907207953603978
H05K,22,0.5,2.4855012427506216
H05K,24,2.0,9.942004971002486
H05K,26,2.0,9.942004971002486
H05K,31,0.16666666666666666,0.8285004142502072
H05K,36,0.3333333333333333,1.6570008285004143
C08G,11,0.5,100.0
C08L,-1,0.3333333333333333,23.529411764705884
C08L,1,0.25,17.647058823529413
C08L,11,0.8333333333333333,58.82352941176471
H01R,-1,1.5,3.540519276160504
H01R,0,0.2,0.47206923682140045
H01R,2,1.0,2.3603461841070024
H01R,8,1.1666666666666665,2.7537372147915025
H01R,9,0.5,1.1801730920535012
H01R,22,37.0,87.33280881195908
H01R,25,0.3333333333333333,0.7867820613690008
H01R,27,0.5,1.1801730920535012
H01R,31,0.16666666666666666,0.3933910306845004
C08J,1,0.25,42.85714285714286
C08J,11,0.3333333333333333,57.14285714285715
C08K,11,0.6666666666666666,100.0
G01D,-1,1.0,20.8955223880597
G01D,1,1.419047619047619,29.651741293532336
G01D,10,0.3333333333333333,6.965174129353234
G01D,16,1.0,20.8955223880597
G01D,19,0.5333333333333333,11.144278606965175
G01D,30,0.5,10.44776119402985
H02S,-1,1.0,40.0
H02S,1,0.6666666666666666,26.666666666666668
H02S,7,0.3333333333333333,13.333333333333334
H02S,8,0.25,10.0
H02S,24,0.25,10.0
B25J,-1,0.2,1.6736401673640169
B25J,1,0.8333333333333333,6.97350069735007
B25J,20,0.3333333333333333,2.789400278940028
B25J,21,1.0,8.368200836820085
B25J,28,0.8333333333333333,6.97350069735007
B25J,30,0.6666666666666666,5.578800557880056
B25J,38,8.083333333333332,67.64295676429568
G03B,-1,3.0833333333333335,20.98525360557446
G03B,0,3.8095238095238093,25.92772646248582
G03B,1,1.2833333333333332,8.73440285204991
G03B,4,0.4,2.7224112785610113
G03B,10,4.533333333333333,30.853994490358126
G03B,15,0.3333333333333333,2.2686760654675093
G03B,19,0.25,1.7015070491006319
G03B,22,1.0,6.8060281964025275
F16H,-1,2.7333333333333334,25.86750788643533
F16H,9,7.833333333333334,74.13249211356468
B62B,9,0.5,100.0
A42B,-1,0.3333333333333333,38.46153846153846
A42B,10,0.2,23.076923076923077
A42B,34,0.3333333333333333,38.46153846153846
F02B,9,0.5,100.0
B60L,-1,1.0,18.072289156626507
B60L,1,1.5333333333333332,27.710843373493976
B60L,9,1.0,18.072289156626507
B60L,16,1.5,27.10843373493976
B60L,18,0.5,9.036144578313253
B62J,-1,0.3333333333333333,40.0
B62J,9,0.5,60.00000000000001
H02H,-1,1.75,56.75675675675676
H02H,16,0.3333333333333333,10.81081081081081
H02H,22,0.5,16.216216216216214
H02H,36,0.5,16.216216216216214
A61G,9,1.5,100.0
B60K,9,0.5,100.0
B62H,-1,0.7833333333333332,100.0
E05B,-1,0.5833333333333333,100.0
B62D,-1,0.5,66.66666666666666
B62D,1,0.25,33.33333333333333
G07C,-1,0.95,31.843575418994412
G07C,3,0.5333333333333333,17.877094972067038
G07C,6,0.5,16.75977653631285
G07C,7,0.5,16.75977653631285
G07C,16,0.5,16.75977653631285
H01H,36,1.0,100.0
C09D,-1,0.6666666666666666,50.0
C09D,11,0.3333333333333333,25.0
C09D,18,0.3333333333333333,25.0
B64F,-1,0.16666666666666666,1.8511172815020498
B64F,1,8.33690476190476,92.5955308739918
B64F,16,0.5,5.55335184450615
G01M,-1,2.75,18.001870324189525
G01M,1,3.60952380952381,23.6284289276808
G01M,5,1.5,9.819201995012468
G01M,10,0.3333333333333333,2.1820448877805485
G01M,16,2.1666666666666665,14.183291770573565
G01M,19,2.6666666666666665,17.456359102244388
G01M,26,0.25,1.6365336658354115
G01M,28,0.6666666666666666,4.364089775561097
G01M,30,0.5,3.273067331670823
G01M,35,0.3333333333333333,2.1820448877805485
G01M,37,0.5,3.273067331670823
B64D,-1,7.788095238095239,26.185806348316866
B64D,0,0.3333333333333333,1.1207621182404037
B64D,1,19.82023809523809,66.64131609494456
B64D,5,0.2,0.6724572709442423
B64D,9,0.5,1.6811431773606056
B64D,10,0.4,1.3449145418884847
B64D,16,0.16666666666666666,0.5603810591202019
B64D,26,0.2,0.6724572709442423
B64D,29,0.3333333333333333,1.1207621182404037
B64U,-1,7.371428571428571,16.026088982063833
B64U,0,1.9095238095238094,4.151461034759429
B64U,1,33.13928571428569,72.04751921733052
B64U,4,0.2,0.4348163677304141
B64U,5,0.2,0.4348163677304141
B64U,6,0.3333333333333333,0.7246939462173567
B64U,8,0.25,0.5435204596630177
B64U,9,0.5833333333333333,1.2682144058803742
B64U,10,0.4,0.8696327354608282
B64U,15,0.2,0.4348163677304141
B64U,16,0.5666666666666667,1.2319797085695066
B64U,21,0.14285714285714285,0.31058311980743863
B64U,26,0.2,0.4348163677304141
B64U,28,0.5,1.0870409193260353
B60C,-1,1.0833333333333333,68.42105263157895
B60C,30,0.5,31.578947368421055
B64C,-1,9.804761904761905,28.451998479980666
B64C,0,0.6666666666666666,1.9345700763464269
B64C,1,21.089285714285705,61.198051611565965
B64C,5,0.2,0.5803710229039281
B64C,8,0.25,0.7254637786299101
B64C,9,0.5833333333333333,1.6927488168031233
B64C,10,0.4,1.1607420458078561
B64C,15,0.2,0.5803710229039281
B64C,16,1.0666666666666667,3.095312122154283
B64C,26,0.2,0.5803710229039281
G01L,-1,0.9166666666666666,12.88056206088993
G01L,1,0.2,2.8103044496487124
G01L,16,5.5,77.28337236533959
G01L,30,0.5,7.0257611241217806
A01D,-1,1.0,100.0
A61M,-1,0.5,100.0
F16B,-1,0.5,9.375
F16B,8,1.8333333333333333,34.375
F16B,9,2.3333333333333335,43.75000000000001
F16B,10,0.3333333333333333,6.25
F16B,22,0.3333333333333333,6.25
F41C,10,1.3333333333333333,100.0
G05G,9,1.5,100.0
B22F,-1,2.5,39.473684210526315
B22F,18,0.75,11.842105263157896
B22F,23,1.5833333333333333,25.0
B22F,26,1.5,23.68421052631579
F41H,-1,4.4333333333333345,44.78114478114479
F41H,1,1.5666666666666667,15.824915824915825
F41H,10,2.283333333333333,23.063973063973062
F41H,28,0.5,5.05050505050505
F41H,32,0.45,4.545454545454546
F41H,38,0.6666666666666666,6.7340067340067336
F16M,-1,1.0,75.0
F16M,30,0.3333333333333333,25.0
G12B,22,0.5,60.00000000000001
G12B,30,0.3333333333333333,40.0
G21C,-1,4.0,27.11864406779661
G21C,19,10.75,72.88135593220339
E02B,-1,0.25,100.0
A45C,10,0.3333333333333333,100.0
G01H,1,0.8857142857142857,16.020671834625322
G01H,15,0.5,9.043927648578812
G01H,16,2.3095238095238093,41.77433247200689
G01H,27,0.25,4.521963824289406
G01H,30,0.5,9.043927648578812
G01H,35,1.0833333333333333,19.59517657192076
H01C,-1,0.5833333333333333,53.84615384615385
H01C,24,0.5,46.15384615384615
H02G,-1,0.5,15.000000000000002
H02G,1,0.25,7.500000000000001
H02G,11,0.75,22.500000000000004
H02G,22,1.8333333333333333,55.00000000000001
B21B,18,0.25,20.0
B21B,37,1.0,80.0
G16H,-1,0.41666666666666663,12.5
G16H,3,0.3333333333333333,10.0
G16H,4,0.3333333333333333,10.0
G16H,7,0.75,22.500000000000004
G16H,23,0.3333333333333333,10.0
G16H,34,1.1666666666666665,35.0
F41J,-1,0.6666666666666666,100.0
F16P,-1,0.3333333333333333,100.0
G04C,27,1.5,100.0
G01W,-1,2.6666666666666665,45.07042253521127
G01W,5,0.3333333333333333,5.633802816901409
G01W,7,2.75,46.47887323943662
G01W,19,0.16666666666666666,2.8169014084507045
B60M,1,0.25,100.0
F02D,16,1.0,100.0
B01D,-1,0.25,6.8181818181818175
B01D,23,0.3333333333333333,9.09090909090909
B01D,26,3.0833333333333335,84.09090909090908
F01D,-1,0.25,100.0
F02C,-1,0.75,30.0
F02C,26,1.75,70.0
F04D,-1,0.25,20.0
F04D,26,1.0,80.0
B63J,-1,1.0,66.66666666666666
B63J,26,0.5,33.33333333333333
F24F,-1,1.0,50.0
F24F,7,0.5,25.0
F24F,26,0.5,25.0
G21D,14,0.5,6.000000000000001
G21D,19,7.833333333333333,94.0
F04B,9,0.5,27.272727272727277
F04B,19,1.3333333333333333,72.72727272727273
F02M,-1,0.5,40.0
F02M,19,0.25,20.0
F02M,26,0.5,40.0
B63H,-1,1.0,66.66666666666666
B63H,26,0.5,33.33333333333333
B32B,-1,1.0,32.43243243243243
B32B,1,0.25,8.108108108108107
B32B,8,0.3333333333333333,10.81081081081081
B32B,24,1.0,32.43243243243243
B32B,37,0.5,16.216216216216214
B63B,-1,1.0,27.027027027027025
B63B,1,1.0,27.027027027027025
B63B,10,0.5,13.513513513513512
B63B,16,1.0,27.027027027027025
B63B,32,0.2,5.405405405405405
F42B,-1,0.2,5.1063829787234045
F42B,1,0.8666666666666667,22.127659574468087
F42B,10,2.2666666666666666,57.872340425531924
F42B,15,0.3333333333333333,8.51063829787234
F42B,30,0.25,6.382978723404256
G03H,-1,1.5833333333333333,88.78504672897196
G03H,1,0.2,11.214953271028039
B60Q,10,0.5,100.0
B65H,-1,0.25,9.090909090909092
B65H,2,1.0,36.36363636363637
B65H,9,0.5,18.181818181818183
B65H,18,1.0,36.36363636363637
A62C,-1,1.0,11.278195488721805
A62C,1,0.25,2.819548872180451
A62C,18,0.5,5.639097744360902
A62C,19,7.116666666666667,80.26315789473685
G04R,15,0.75,100.0
G05F,-1,0.5,100.0
E02D,-1,0.5,71.42857142857143
E02D,16,0.2,28.571428571428577
B60H,9,0.75,37.5
B60H,29,1.25,62.5
G09F,0,0.2,14.634146341463413
G09F,8,0.5,36.58536585365854
G09F,29,0.5,36.58536585365854
G09F,31,0.16666666666666666,12.195121951219512
F16K,-1,1.0,32.432432432432435
F16K,9,1.0,32.432432432432435
F16K,19,1.0833333333333333,35.13513513513514
B04C,-1,0.5,100.0
F01B,-1,0.5,100.0
C03C,11,2.5,71.42857142857143
C03C,20,1.0,28.57142857142857
C09K,-1,0.3333333333333333,25.0
C09K,11,1.0,75.0
F16D,-1,1.4,73.68421052631578
F16D,9,0.5,26.31578947368421
F17C,-1,0.5,4.464285714285714
F17C,10,0.5,4.464285714285714
F17C,19,0.5,4.464285714285714
F17C,26,8.7,77.67857142857143
F17C,37,1.0,8.928571428571429
H03B,-1,0.5,15.000000000000002
H03B,24,1.0,30.000000000000004
H03B,36,1.8333333333333333,55.00000000000001
A47L,38,0.5,100.0
B43K,18,0.3333333333333333,100.0
B29B,18,0.25,50.0
B29B,37,0.25,50.0
B33Y,-1,0.6666666666666666,22.22222222222222
B33Y,18,0.25,8.333333333333332
B33Y,23,1.5833333333333333,52.77777777777778
B33Y,26,0.5,16.666666666666664
A47F,21,0.5,100.0
G06N,-1,38.150000000000006,15.134313132839658
G06N,0,20.93333333333333,8.304367538159285
G06N,1,0.45,0.17851745504004837
G06N,3,4.283333333333333,1.6992217016774975
G06N,4,77.91666666666666,30.90996675230467
G06N,5,1.4999999999999998,0.5950581834668278
G06N,6,0.25,0.09917636391113799
G06N,7,56.150000000000006,22.27501133444159
G06N,13,0.8333333333333333,0.3305878797037932
G06N,14,27.366666666666656,10.856505969472567
G06N,15,0.5,0.19835272782227598
G06N,16,2.726190476190476,1.0814946350309806
G06N,20,2.6666666666666665,1.0578812150521384
G06N,21,1.6999999999999997,0.6743992745957381
G06N,23,4.666666666666667,1.8512921263412425
G06N,28,0.3333333333333333,0.1322351518815173
G06N,29,3.5833333333333335,1.421527882726311
G06N,32,1.0666666666666667,0.4231524860208554
G06N,33,1.8333333333333333,0.7272933353483452
G06N,34,1.0,0.39670545564455195
G06N,35,3.3333333333333335,1.322351518815173
G06N,38,0.8333333333333333,0.3305878797037932
F41B,1,0.2,100.0
E01F,1,0.5,100.0
B25B,9,1.0,100.0
F03D,0,0.5428571428571429,19.322033898305087
F03D,1,0.45,16.016949152542377
F03D,16,1.8166666666666664,64.66101694915254
A61L,-1,1.0,100.0
G01K,-1,0.6666666666666666,27.2108843537415
G01K,19,0.2,8.16326530612245
G01K,20,1.3333333333333333,54.421768707483
G01K,30,0.25,10.204081632653063
B64G,-1,6.166666666666667,45.12195121951219
B64G,1,0.5,3.6585365853658534
B64G,8,2.25,16.46341463414634
B64G,9,0.5,3.6585365853658534
B64G,15,4.0,29.268292682926827
B64G,24,0.25,1.8292682926829267
E06B,19,1.0,100.0
H01G,18,4.0,61.53846153846154
H01G,27,2.5,38.46153846153847
F28B,-1,0.3333333333333333,100.0
F28D,-1,1.1666666666666665,100.0
B65D,9,1.0,75.0
B65D,19,0.3333333333333333,25.0
G01F,-1,1.0,50.0
G01F,26,1.0,50.0
A63J,1,0.45,100.0
F16F,-1,3.75,77.58620689655173
F16F,8,0.25,5.172413793103449
F16F,9,0.5,10.344827586206899
F16F,37,0.3333333333333333,6.896551724137931
H10B,-1,0.3333333333333333,6.644518272425248
H10B,0,0.2,3.98671096345515
H10B,4,0.6666666666666666,13.289036544850497
H10B,20,1.4833333333333334,29.568106312292358
H10B,24,1.8333333333333333,36.544850498338874
H10B,31,0.5,9.966777408637874
A62D,19,0.5,100.0
F42C,10,1.9333333333333331,100.0
H04K,-1,1.0,25.862068965517242
H04K,1,1.7833333333333332,46.12068965517241
H04K,10,0.25,6.4655172413793105
H04K,15,0.8333333333333333,21.551724137931036
F02K,37,1.0,100.0
B01F,19,0.5,100.0
G10H,35,0.5,100.0
B29K,37,1.0833333333333333,100.0
E05F,-1,1.0,83.33333333333334
E05F,1,0.2,16.666666666666668
H05H,-1,0.3333333333333333,40.0
H05H,37,0.5,60.00000000000001
A01M,1,0.25,100.0
H03L,36,1.3333333333333333,100.0
F41A,-1,2.5,40.47802621434079
F41A,9,1.0,16.191210485736313
F41A,10,2.5333333333333337,41.017733230532
F41A,21,0.14285714285714285,2.313030069390902
H04S,35,0.3333333333333333,100.0
F16L,22,0.3333333333333333,40.0
F16L,26,0.5,60.00000000000001
F25B,26,1.4999999999999998,100.0
F25J,26,15.5,100.0
C09C,-1,0.6666666666666666,100.0
C04B,12,0.3333333333333333,100.0
H04J,11,0.3333333333333333,28.571428571428577
H04J,15,0.8333333333333333,71.42857142857143
F41F,-1,0.5,27.272727272727277
F41F,1,0.2,10.90909090909091
F41F,10,1.1333333333333333,61.81818181818181
G21F,19,1.8333333333333333,100.0
G04F,-1,0.5,100.0
F25D,26,0.5,100.0
F21W,19,0.25,100.0
G16Y,-1,0.25,20.27027027027027
G16Y,4,0.2,16.216216216216218
G16Y,6,0.5833333333333333,47.29729729729729
G16Y,16,0.2,16.216216216216218
B07C,-1,0.3333333333333333,25.0
B07C,20,1.0,75.0
B66D,-1,0.25,100.0
F21K,-1,0.25,60.00000000000001
F21K,10,0.16666666666666666,40.0
F01P,26,0.3333333333333333,100.0
G21K,19,0.6666666666666666,100.0
B24B,19,0.25,42.85714285714286
B24B,37,0.3333333333333333,57.14285714285715
G09G,0,0.2,19.35483870967742
G09G,6,0.6666666666666666,64.51612903225808
G09G,31,0.16666666666666666,16.12903225806452
C01F,18,0.25,100.0
A01G,-1,2.033333333333333,100.0
G21G,19,0.6666666666666666,100.0
B65G,-1,1.3333333333333333,57.14285714285715
B65G,3,1.0,42.85714285714286
G01G,-1,0.2,32.432432432432435
G01G,1,0.16666666666666666,27.027027027027025
G01G,3,0.25,40.54054054054054
E05C,9,0.25,100.0
E05D,-1,0.5,66.66666666666666
E05D,9,0.25,33.33333333333333
G07G,14,0.25,100.0
C22C,-1,0.5,60.00000000000001
C22C,8,0.3333333333333333,40.0
E04B,-1,0.3333333333333333,100.0
E04H,-1,0.3333333333333333,100.0
H03G,-1,0.5,33.33333333333333
H03G,29,0.5,33.33333333333333
H03G,36,0.5,33.33333333333333
B60N,-1,0.6666666666666666,57.14285714285715
B60N,1,0.5,42.85714285714286
B05B,-1,1.0,50.0
B05B,9,1.0,50.0
B30B,8,0.3333333333333333,100.0
A63B,-1,0.5,100.0
C12M,29,0.5,100.0
B05D,11,1.0,100.0
H10K,20,0.3333333333333333,50.0
H10K,31,0.3333333333333333,50.0
B08B,-1,1.3333333333333333,86.95652173913044
B08B,10,0.2,13.043478260869568
F03B,-1,0.5,100.0
B66C,5,0.5,16.666666666666664
B66C,23,1.0,33.33333333333333
B66C,38,1.5,50.0
F21Y,-1,0.2,54.54545454545454
F21Y,10,0.16666666666666666,45.454545454545446
C09J,-1,0.5,100.0
F04C,9,2.5,100.0
F22B,-1,0.3333333333333333,57.14285714285715
F22B,38,0.25,42.85714285714286
B60S,-1,0.5,100.0
F28F,-1,0.3333333333333333,100.0
B23P,37,0.3333333333333333,100.0
C22F,18,0.25,100.0
C23G,18,0.25,100.0
F03H,9,0.5,100.0
F01M,9,0.5,100.0
C21B,-1,0.3333333333333333,100.0
E02F,38,0.5,100.0
B60T,-1,0.5,100.0
B60P,-1,0.3333333333333333,100.0
G03F,20,0.5,100.0
H05F,25,0.5,100.0
B62L,9,0.3333333333333333,100.0
